<?xml version="1.0" encoding="UTF-8"?>
<compiereTrl language="pt_BR" table="AD_FORM">
  <row id="100" trl="Y">
    <value column="Name" original="Create Invoices from Orders">Gerar faturas(manualmente)</value>
    <value column="Description" original="Create invoices for all processed sales orders/goods shipments that have not been invoiced.">Cria as faturas correspondentes a todos os pedidos de venda e entregas processadas que não tenham sido faturados.</value>
    <value column="Help" original=""></value>
  </row>
  <row id="101" trl="Y">
    <value column="Name" original="Import File Loader">Importar arquivo de carga</value>
    <value column="Description" original="Import .csv data files into temporary tables according to the parameters and selected format.">Importa os arquivos de dados .csv às pranchas temporárias, de acordo com os parâmetros e o formato selecionado.</value>
    <value column="Help" original="The Import File Loader parses the content of a flat file and loads it into import tables. Comments start with a '[' and end with a ']' and are ignored; example: [Some Heading].">Importar Arquivo de Cargas parsea o conteúdo de um arquivo de disco plano e o carrega em pranchas de importación.Los comentários começam com um '[' e terminam com um']' e são ignorados;ejemplo:[Algum Título]</value>
  </row>
  <row id="102" trl="Y">
    <value column="Name" original="Initial Client Setup">Criar entidade</value>
    <value column="Description" original="Create a new empty client from scratch.">Cria um novo cliente desde o começo.</value>
    <value column="Help" original=""></value>
  </row>
  <row id="103" trl="Y">
    <value column="Name" original="Material Transaction">Movimentos de material</value>
    <value column="Description" original="Material Transactions">Movimentos de material</value>
    <value column="Help" original=""></value>
  </row>
  <row id="105" trl="Y">
    <value column="Name" original="Create Charges">Gerar cargos</value>
    <value column="Description" original="Generate Charges from natural accounts">Gerar cargos de contas naturais</value>
    <value column="Help" original=""></value>
  </row>
  <row id="106" trl="Y">
    <value column="Name" original="Payment Print/Export">Imprimir/exportar pagamentos</value>
    <value column="Description" original="Print or export your payments">Imprime ou exporta seus pagamentos</value>
    <value column="Help" original=""></value>
  </row>
  <row id="107" trl="Y">
    <value column="Name" original="Payment Selection (manual)">Seleção pagamentos (manualmente)</value>
    <value column="Description" original="Manual Payment Selection">Seleção manual de pagamentos</value>
    <value column="Help" original=""></value>
  </row>
  <row id="108" trl="Y">
    <value column="Name" original="Matching PO-Receipt-Invoice">Combinar Fatura</value>
    <value column="Description" original="Match Purchase Orders, Receipts, Vendor Invoices">Combinar pedidos de compra, recibos, faturas de fornecedores</value>
    <value column="Help" original=""></value>
  </row>
  <row id="110" trl="Y">
    <value column="Name" original="Create Shipments from Orders">Gerar entregas (manualmente)</value>
    <value column="Description" original="Create shipments for all processed sales orders that fit the criteria and the parameters specified.">Cria as entregas correspondentes a todos os pedidos de venda processados que cumpram com os critérios e parâmetros especificados.</value>
    <value column="Help" original="&#10;Generate Shipments manually&lt;hints id=&quot;hah_hints&quot; /&gt;"></value>
  </row>
  <row id="111" trl="Y">
    <value column="Name" original="Password Maintenance">Manutenção de contra-senhas</value>
    <value column="Description" original="Maintain Passwords">Manutenção de contra-senhas</value>
    <value column="Help" original="Maintain Passwords for Users and Business Partners">Manutenção de contra-senhas para Usuários e Terceiros</value>
  </row>
  <row id="112" trl="Y">
    <value column="Name" original="Merge Entities">Unir terceiros</value>
    <value column="Description" original="Merge From Entity to To Entity - Delete From">Une todos os dados de uma terceira origem a um terceiro destino - Felpa toda da origem</value>
    <value column="Help" original="&lt;i&gt;Dangerous - Please are aware of what you are doing!&lt;/i&gt;|All instances of the From entity (e.g. Customer A) are changed to the To entity (e.g. Customer B). |The From entity (e.g. Customer A) is deleted. |&lt;p&gt;&lt;b&gt;There is NO undo nor trace !  Please do a b">Perigo - Por favor empreste atenção ao que faz!ITodas as instâncias da entidade 'De/Desde' (ej.Cliente A) são levadas a entidade 'a/para'(ej.Cliente B).ILa entidade 'De/desde'(ej.Cliente A) é borrada.INão há nenhum Desfazer nem Rastro</value>
  </row>
  <row id="800000" trl="Y">
    <value column="Name" original="In-Out Report">InformeInOut</value>
    <value column="Description" original=""></value>
    <value column="Help" original=""></value>
  </row>
  <row id="800001" trl="Y">
    <value column="Name" original="Session Information">Variáveis sessão</value>
    <value column="Description" original="View session information and variables and set certain system settings.">Mostra a informação e as variáveis da sessão e estabeleça certos parâmetros do sistema.</value>
    <value column="Help" original=""></value>
  </row>
  <row id="800002" trl="Y">
    <value column="Name" original="Payments Selection (Bank)">Seleção de pagamentos para o banco</value>
    <value column="Description" original=""></value>
    <value column="Help" original=""></value>
  </row>
  <row id="800003" trl="Y">
    <value column="Name" original="GL Posting by DB Tables">Processo contável</value>
    <value column="Description" original="Recreate accounting information and add transactions for the General Ledger, grouped by defined database tables.">Volta a criar a informação contável e acrescente os transações do livro maior, agrupadas nas pranchas predefinidas da base de dados.</value>
    <value column="Help" original=""></value>
  </row>
  <row id="800007" trl="Y">
    <value column="Name" original="Background Process">Listrado de processos em background</value>
    <value column="Description" original="Edit predefined processes made by the user.">Edita os processos predefinidos pelo usuário.</value>
    <value column="Help" original=""></value>
  </row>
  <row id="800008" trl="Y">
    <value column="Name" original="Change Payment Status">Desaplicar efeitos</value>
    <value column="Description" original="Edit a previously completed payment changing the status from paid to unpaid.">Edita um pagamento previamente completado trocando o estado de pago a dívida.</value>
    <value column="Help" original=""></value>
  </row>
  <row id="800009" trl="Y">
    <value column="Name" original="Pending Goods Receipts">Pedidos de compra pendentes de receber</value>
    <value column="Description" original="Edit existing goods receipts as requests are carried out.">Edita as entregas existentes à medida que se cumpram os pedidos.</value>
    <value column="Help" original=""></value>
  </row>
  <row id="800010" trl="Y">
    <value column="Name" original="InvoiceVendorMultiline">InvoiceVendorMultiline</value>
    <value column="Description" original="Expense Invoice multiline edition">Expense Invoice multiline edition</value>
    <value column="Help" original=""></value>
  </row>
  <row id="800011" trl="Y">
    <value column="Name" original="SQL Query">Consulta SQL</value>
    <value column="Description" original="Execute SQL query and view results within the Openbravo application.">Executa a consulta SQL e mostre os resultados dentro da aplicação do Openbravo.</value>
    <value column="Help" original=""></value>
  </row>
  <row id="800012" trl="Y">
    <value column="Name" original="Import EDI File">Importação de arquivo EDI</value>
    <value column="Description" original="Import an EDI (Electronic Data Interchange) file.">Importa um arquivo EDI (Intercâmbio eletrônico de dados).</value>
    <value column="Help" original="Imports EDI data from file.">Importa os dados do arquivo EDI (em formato EANCOM) à tabela temporária. De momento, unicamente funciona a importação de pedidos.</value>
  </row>
  <row id="800013" trl="Y">
    <value column="Name" original="Remittance Cancellation/Return ">Cancelamento de Remessas</value>
    <value column="Description" original="Edit pending remittances by cancelling or returning them. ">Edita as remessas pendentes, as cancelando ou as devolvendo.</value>
    <value column="Help" original=""></value>
  </row>
  <row id="800014" trl="Y">
    <value column="Name" original="Import/Export Translations">Import/Export Translations</value>
    <value column="Description" original="Import or export localizations.">Importa ou exporte as localizações.</value>
    <value column="Help" original=""></value>
  </row>
  <row id="800015" trl="Y">
    <value column="Name" original="About">About</value>
    <value column="Description" original=""></value>
    <value column="Help" original=""></value>
  </row>
  <row id="800016" trl="Y">
    <value column="Name" original="Alert Management">Gestão de Alertas</value>
    <value column="Description" original="Edit predefined alerts made by the user.">Edita as alertas predefinidas pelo usuário.</value>
    <value column="Help" original=""></value>
  </row>
  <row id="800017" trl="Y">
    <value column="Name" original="Logout">Logout</value>
    <value column="Description" original="Logout">Logout</value>
    <value column="Help" original="Logout servlet">Logout servlet</value>
  </row>
  <row id="800018" trl="Y">
    <value column="Name" original="Menu">Menu</value>
    <value column="Description" original="Menu">Menu</value>
    <value column="Help" original="Menu servlet">Menu servlet</value>
  </row>
</compiereTrl>
