<?xml version="1.0" encoding="UTF-8"?>
<compiereTrl language="pt_BR" table="AD_FIELDGROUP">
  <row id="101" trl="Y">
    <value column="Name" original="Status">Estado</value>
  </row>
  <row id="102" trl="Y">
    <value column="Name" original="Quantities">Quantidades</value>
  </row>
  <row id="103" trl="Y">
    <value column="Name" original="Amounts">Importâncias</value>
  </row>
  <row id="104" trl="Y">
    <value column="Name" original="Reference">Referência</value>
  </row>
  <row id="105" trl="Y">
    <value column="Name" original="History">Histórico</value>
  </row>
  <row id="106" trl="Y">
    <value column="Name" original="Product">Produto</value>
  </row>
  <row id="107" trl="Y">
    <value column="Name" original="Business Partner">Terceiro</value>
  </row>
  <row id="108" trl="Y">
    <value column="Name" original="Warehouse">Armazém</value>
  </row>
  <row id="109" trl="Y">
    <value column="Name" original="Bank">Banco</value>
  </row>
  <row id="110" trl="Y">
    <value column="Name" original="Cash Journal">Jornal</value>
  </row>
  <row id="111" trl="Y">
    <value column="Name" original="Tax">Imposto</value>
  </row>
  <row id="112" trl="Y">
    <value column="Name" original="Project">Projeto</value>
  </row>
  <row id="113" trl="Y">
    <value column="Name" original="General">General</value>
  </row>
  <row id="114" trl="Y">
    <value column="Name" original="Action">Ação</value>
  </row>
  <row id="115" trl="Y">
    <value column="Name" original="Standard Cost">Custe estandar</value>
  </row>
  <row id="116" trl="Y">
    <value column="Name" original="Actual Costs">Custo real</value>
  </row>
  <row id="117" trl="Y">
    <value column="Name" original="Statistics">Estatísticas</value>
  </row>
  <row id="118" trl="Y">
    <value column="Name" original="Defaults">Por defeito</value>
  </row>
  <row id="119" trl="Y">
    <value column="Name" original="Request Management">Gestão de petições</value>
  </row>
  <row id="120" trl="Y">
    <value column="Name" original="Web Store">Loja Web</value>
  </row>
  <row id="121" trl="Y">
    <value column="Name" original="Internal">Interno</value>
  </row>
  <row id="122" trl="Y">
    <value column="Name" original="External">Externo</value>
  </row>
  <row id="123" trl="Y">
    <value column="Name" original="Common">Comum</value>
  </row>
  <row id="124" trl="Y">
    <value column="Name" original="Shipment">Entrega</value>
  </row>
  <row id="125" trl="Y">
    <value column="Name" original="Document">Documento</value>
  </row>
  <row id="126" trl="Y">
    <value column="Name" original="Line">Linha</value>
  </row>
  <row id="800000" trl="Y">
    <value column="Name" original="Dimensions">Dimensões</value>
  </row>
  <row id="800001" trl="Y">
    <value column="Name" original="Tax Category">Categoria de Imposto</value>
  </row>
  <row id="800002" trl="Y">
    <value column="Name" original="BP Tax Category">Categoria de Imposto de Terceiro</value>
  </row>
</compiereTrl>
