<?xml version="1.0" encoding="UTF-8"?>
<compiereTrl language="pt_BR" table="AD_REFERENCE">
  <row id="1" trl="Y">
    <value column="Name" original="AD_Reference Data Types">AD_Reference Data Types</value>
    <value column="Description" original="Data Type selection">Data Type selection</value>
    <value column="Help" original=""></value>
  </row>
  <row id="2" trl="Y">
    <value column="Name" original="AD_Reference Validation Types">AD_Reference Validation Types</value>
    <value column="Description" original="Reference Validation Type list">Reference Validation Type list</value>
    <value column="Help" original="e.g. I - Independent ">por exemplo I - Independent</value>
  </row>
  <row id="3" trl="Y">
    <value column="Name" original="AD_Column ColumName">AD_Column ColumName</value>
    <value column="Description" original="Column selection">Column selection</value>
    <value column="Help" original=""></value>
  </row>
  <row id="4" trl="Y">
    <value column="Name" original="AD_Reference Values">AD_Reference Avalie</value>
    <value column="Description" original="Reference (List and Table) selection">Reference (List and Table) selection</value>
    <value column="Help" original="(not DataType and Independent)">(not DataType and Independent)</value>
  </row>
  <row id="5" trl="Y">
    <value column="Name" original="AD_Table Access Levels">AD_Table Access Levels</value>
    <value column="Description" original="Table Access and Sharing Level list">Table Access and Sharing Level list</value>
    <value column="Help" original=""></value>
  </row>
  <row id="10" trl="Y">
    <value column="Name" original="String">String</value>
    <value column="Description" original="Character String">Cadeia de caracteres</value>
    <value column="Help" original=""></value>
  </row>
  <row id="11" trl="Y">
    <value column="Name" original="Integer">Inteiro</value>
    <value column="Description" original="10 Digit numeric">Número inteiro de 10 dígitos</value>
    <value column="Help" original=""></value>
  </row>
  <row id="12" trl="Y">
    <value column="Name" original="Amount">Amount</value>
    <value column="Description" original="Number with 4 decimals">Número com 4 decimais</value>
    <value column="Help" original=""></value>
  </row>
  <row id="13" trl="Y">
    <value column="Name" original="ID">VÃO</value>
    <value column="Description" original="10 Digit Identifier">10 Digit Identifier</value>
    <value column="Help" original=""></value>
  </row>
  <row id="14" trl="Y">
    <value column="Name" original="Text">Texto</value>
    <value column="Description" original="Character String up to 2000 characters">Character String up to 2000 characters</value>
    <value column="Help" original=""></value>
  </row>
  <row id="15" trl="Y">
    <value column="Name" original="Date">Data</value>
    <value column="Description" original="Date mm/dd/yyyy">Data mm/dd/yyyy</value>
    <value column="Help" original=""></value>
  </row>
  <row id="16" trl="Y">
    <value column="Name" original="DateTime">Data e Hora</value>
    <value column="Description" original="Date with time">Data com hora</value>
    <value column="Help" original=""></value>
  </row>
  <row id="17" trl="Y">
    <value column="Name" original="List">Lista</value>
    <value column="Description" original="Reference List">Referência de tipo Lista</value>
    <value column="Help" original=""></value>
  </row>
  <row id="18" trl="Y">
    <value column="Name" original="Table">Tabela</value>
    <value column="Description" original="Table List">Referência de tipo Tabela</value>
    <value column="Help" original=""></value>
  </row>
  <row id="19" trl="Y">
    <value column="Name" original="TableDir">TableDir</value>
    <value column="Description" original="Direct Table Access">Direct Table Access</value>
    <value column="Help" original=""></value>
  </row>
  <row id="20" trl="Y">
    <value column="Name" original="YesNo">Si/No</value>
    <value column="Description" original="CheckBox">CheckBox</value>
    <value column="Help" original=""></value>
  </row>
  <row id="21" trl="Y">
    <value column="Name" original="Location">Direção Postal</value>
    <value column="Description" original="Location/Address">Direção Postal</value>
    <value column="Help" original=""></value>
  </row>
  <row id="22" trl="Y">
    <value column="Name" original="Number">Número</value>
    <value column="Description" original="Float Number">Número de vírgula flutuante</value>
    <value column="Help" original=""></value>
  </row>
  <row id="23" trl="Y">
    <value column="Name" original="Binary">Binário</value>
    <value column="Description" original="Binary Data">Dado binário</value>
    <value column="Help" original=""></value>
  </row>
  <row id="24" trl="Y">
    <value column="Name" original="Time">Hora</value>
    <value column="Description" original="Time">Hora</value>
    <value column="Help" original=""></value>
  </row>
  <row id="25" trl="Y">
    <value column="Name" original="Account">Conta</value>
    <value column="Description" original="Account Element">Elemento de conta</value>
    <value column="Help" original=""></value>
  </row>
  <row id="26" trl="Y">
    <value column="Name" original="RowID">RowID</value>
    <value column="Description" original="Row ID Data Type">Row VÃO Data Type</value>
    <value column="Help" original=""></value>
  </row>
  <row id="27" trl="Y">
    <value column="Name" original="Color">Cor</value>
    <value column="Description" original="Color element">Cor element</value>
    <value column="Help" original=""></value>
  </row>
  <row id="28" trl="Y">
    <value column="Name" original="Button">Botão</value>
    <value column="Description" original="Command Button - starts a process">Command Button - starts a process</value>
    <value column="Help" original=""></value>
  </row>
  <row id="29" trl="Y">
    <value column="Name" original="Quantity">Quantidade</value>
    <value column="Description" original="Quantity data type">Tipo de dado quantidade</value>
    <value column="Help" original=""></value>
  </row>
  <row id="30" trl="Y">
    <value column="Name" original="Search">Search</value>
    <value column="Description" original="Search Field">Search Field</value>
    <value column="Help" original=""></value>
  </row>
  <row id="31" trl="Y">
    <value column="Name" original="Locator">Oco Armazém</value>
    <value column="Description" original="Warehouse Locator Data type">Tipo de dado oco de armazém</value>
    <value column="Help" original=""></value>
  </row>
  <row id="32" trl="Y">
    <value column="Name" original="Image">Imagem</value>
    <value column="Description" original="Binary Image Data">Binary Image Data</value>
    <value column="Help" original=""></value>
  </row>
  <row id="33" trl="Y">
    <value column="Name" original="Assignment">Assignment</value>
    <value column="Description" original="Resource Assignment">Resource Assignment</value>
    <value column="Help" original=""></value>
  </row>
  <row id="34" trl="Y">
    <value column="Name" original="Memo">Estúpido</value>
    <value column="Description" original="Large Text - Character String up to 2000 characters">Largue Text - Character String up to 2000 characters</value>
    <value column="Help" original=""></value>
  </row>
  <row id="35" trl="Y">
    <value column="Name" original="PAttribute">PAttribute</value>
    <value column="Description" original="Product Attribute">Product Attribute</value>
    <value column="Help" original=""></value>
  </row>
  <row id="100" trl="Y">
    <value column="Name" original="AD_Validation Rules Parent">AD_Validation Rules Parent</value>
    <value column="Description" original="Validation rule Parent selection">Validation rule Parent selection</value>
    <value column="Help" original=""></value>
  </row>
  <row id="101" trl="Y">
    <value column="Name" original="AD_Validation Rule Types">AD_Validation Rule Types</value>
    <value column="Description" original="Validation Rule Type list">Validation Rule Type list</value>
    <value column="Help" original="e.g. S - SQL">por exemplo S - SQL</value>
  </row>
  <row id="102" trl="Y">
    <value column="Name" original="AD_Message">AD_Message</value>
    <value column="Description" original="Message selection">Message selection</value>
    <value column="Help" original=""></value>
  </row>
  <row id="103" trl="Y">
    <value column="Name" original="AD_Message Type">AD_Message Type</value>
    <value column="Description" original="Message Type list">Message Type list</value>
    <value column="Help" original=""></value>
  </row>
  <row id="104" trl="Y">
    <value column="Name" original="AD_Menu Action">AD_Menu Action</value>
    <value column="Description" original="Menu Action list">Menu Action list</value>
    <value column="Help" original=""></value>
  </row>
  <row id="105" trl="Y">
    <value column="Name" original="AD_Menu Parent">AD_Menu Parent</value>
    <value column="Description" original="Menu Parent selection">Menu Parent selection</value>
    <value column="Help" original=""></value>
  </row>
  <row id="106" trl="Y">
    <value column="Name" original="AD_Language">AD_Language</value>
    <value column="Description" original="Language selection">Language selection</value>
    <value column="Help" original=""></value>
  </row>
  <row id="108" trl="Y">
    <value column="Name" original="AD_Window Types">AD_Window Types</value>
    <value column="Description" original="Window Type list">Window Type list</value>
    <value column="Help" original="e.g. M = Multi/Single (one uppercase character)">por exemplo M = Multi/Single (one uppercase character)</value>
  </row>
  <row id="109" trl="Y">
    <value column="Name" original="AD_WF_Next Nodes">AD_WF_Next Nodes</value>
    <value column="Description" original="Next workflow node selection">Next workflow node selection</value>
    <value column="Help" original=""></value>
  </row>
  <row id="110" trl="Y">
    <value column="Name" original="AD_User">AD_User</value>
    <value column="Description" original="User selection">User selection</value>
    <value column="Help" original=""></value>
  </row>
  <row id="111" trl="Y">
    <value column="Name" original="C_Conversion_Rate Types">C_Conversion_Rate Types</value>
    <value column="Description" original="Conversion Rate Type list">Conversion Rate Type list</value>
    <value column="Help" original=""></value>
  </row>
  <row id="112" trl="Y">
    <value column="Name" original="C_Conversion_Rate Currencies">C_Conversion_Rate Currencies</value>
    <value column="Description" original="Currencies with dynamic exchange rate selection">Currencies with dynamic exchange rate selection</value>
    <value column="Help" original=""></value>
  </row>
  <row id="113" trl="Y">
    <value column="Name" original="AD_Org Parent">AD_Org Parent</value>
    <value column="Description" original="Organization Parent selection">Organization Parent selection</value>
    <value column="Help" original=""></value>
  </row>
  <row id="114" trl="Y">
    <value column="Name" original="C_UOM">C_UOM</value>
    <value column="Description" original="Unit of Measure selection">Unit of Measure selection</value>
    <value column="Help" original=""></value>
  </row>
  <row id="115" trl="Y">
    <value column="Name" original="C_Period Type">C_Period Type</value>
    <value column="Description" original="Period Type list">Period Type list</value>
    <value column="Help" original=""></value>
  </row>
  <row id="116" trl="Y">
    <value column="Name" original="C_Element Type">C_Element Type</value>
    <value column="Description" original="Account Element Types">Account Element Types</value>
    <value column="Help" original=""></value>
  </row>
  <row id="117" trl="Y">
    <value column="Name" original="C_ElementValue AccountType">C_ElementValue AccountType</value>
    <value column="Description" original="Account Type list">Account Type list</value>
    <value column="Help" original=""></value>
  </row>
  <row id="118" trl="Y">
    <value column="Name" original="C_ElementValue Account Sign">C_ElementValue Account Sign</value>
    <value column="Description" original="Account Sign list">Account Sign list</value>
    <value column="Help" original=""></value>
  </row>
  <row id="120" trl="Y">
    <value column="Name" original="AD_TreeType Type">AD_TreeType Type</value>
    <value column="Description" original="Tree Type list">Tree Type list</value>
    <value column="Help" original="Determines which element to use as the base for the information">Determine which element to use ás the apóie for the information</value>
  </row>
  <row id="121" trl="Y">
    <value column="Name" original="X12DE98 Entity Identifier Code">X12DE98 Entity Identifier Code</value>
    <value column="Description" original="X12DE98 Entity Identifier Code list">X12DE98 Entity Identifier Code list</value>
    <value column="Help" original="Identify organizational entity physical location property or individual list">Identify organizational entity physical location property or individual list</value>
  </row>
  <row id="122" trl="Y">
    <value column="Name" original="C_AcctSchema Costing Method">C_AcctSchema Costing Method</value>
    <value column="Description" original="Costing Method list">Lista de métodos de custo</value>
    <value column="Help" original=""></value>
  </row>
  <row id="123" trl="Y">
    <value column="Name" original="C_AcctSchema GAAP">C_AcctSchema GAAP</value>
    <value column="Description" original="General Accepted Accounting Principle list">General Accepted Accounting Principle list</value>
    <value column="Help" original=""></value>
  </row>
  <row id="124" trl="Y">
    <value column="Name" original="C_BPartner Parent">C_BPartner Parent</value>
    <value column="Description" original="Business Partner Parent selection">Business Partner Parent selection</value>
    <value column="Help" original=""></value>
  </row>
  <row id="125" trl="Y">
    <value column="Name" original="All_Posting Type">All_Posting Type</value>
    <value column="Description" original="Posting Type (Actual Budget etc.) list">Posting Type (Atual Budget etc.) list</value>
    <value column="Help" original=""></value>
  </row>
  <row id="126" trl="Y">
    <value column="Name" original="AD_Table Replication Type">AD_Table Replication Type</value>
    <value column="Description" original="Replication Type">Tipo de replicación</value>
    <value column="Help" original=""></value>
  </row>
  <row id="128" trl="Y">
    <value column="Name" original="AD_Sequence for Documents">AD_Sequence for Documents</value>
    <value column="Description" original="Sequence for Document selection">Seqüencia para seleção de documentos</value>
    <value column="Help" original=""></value>
  </row>
  <row id="129" trl="Y">
    <value column="Name" original="AD_Client">AD_Client</value>
    <value column="Description" original="Client selection">Seleção de cliente</value>
    <value column="Help" original=""></value>
  </row>
  <row id="130" trl="Y">
    <value column="Name" original="AD_Org (Trx)">AD_Org (Trx)</value>
    <value column="Description" original="Organization selection, no summary, no 0">Organization selection, não summary, não 0</value>
    <value column="Help" original=""></value>
  </row>
  <row id="131" trl="Y">
    <value column="Name" original="All_Document Status">All_Document Status</value>
    <value column="Description" original="Document Status list">lista de Estados de Documento</value>
    <value column="Help" original=""></value>
  </row>
  <row id="132" trl="Y">
    <value column="Name" original="C_ElementValue (Accounts)">C_ElementValue (Accounts)</value>
    <value column="Description" original="Account selection">Account selection</value>
    <value column="Help" original=""></value>
  </row>
  <row id="133" trl="Y">
    <value column="Name" original="C_Location">C_Location</value>
    <value column="Description" original="Location selection">Location selection</value>
    <value column="Help" original=""></value>
  </row>
  <row id="134" trl="Y">
    <value column="Name" original="C_Accounts - User1">C_Accounts - User1</value>
    <value column="Description" original="User1 selection">User1 selection</value>
    <value column="Help" original=""></value>
  </row>
  <row id="135" trl="Y">
    <value column="Name" original="All_Document Action">All_Document Action</value>
    <value column="Description" original="Document action list">Document action list</value>
    <value column="Help" original=""></value>
  </row>
  <row id="136" trl="Y">
    <value column="Name" original="C_AcctSchema">C_AcctSchema</value>
    <value column="Description" original="Accounting Schema selection">Accounting Schema selection</value>
    <value column="Help" original=""></value>
  </row>
  <row id="137" trl="Y">
    <value column="Name" original="C_Accounts - User2">C_Accounts - User2</value>
    <value column="Description" original="User2 selection">User2 selection</value>
    <value column="Help" original=""></value>
  </row>
  <row id="138" trl="Y">
    <value column="Name" original="C_BPartner">C_BPartner</value>
    <value column="Description" original="Business Partner selection (no Summary)">Business Partner selection (não Summary)</value>
    <value column="Help" original=""></value>
  </row>
  <row id="140" trl="Y">
    <value column="Name" original="C_Product">C_Product</value>
    <value column="Description" original="Product selection">Product selection</value>
    <value column="Help" original=""></value>
  </row>
  <row id="141" trl="Y">
    <value column="Name" original="C_Project">C_Project</value>
    <value column="Description" original="Project selection">Project selection</value>
    <value column="Help" original=""></value>
  </row>
  <row id="142" trl="Y">
    <value column="Name" original="C_Activity">C_Activity</value>
    <value column="Description" original="Activity selection">Activity selection</value>
    <value column="Help" original=""></value>
  </row>
  <row id="143" trl="Y">
    <value column="Name" original="C_Campaign">C_Campaign</value>
    <value column="Description" original="Campaign selection">Campaign selection</value>
    <value column="Help" original=""></value>
  </row>
  <row id="144" trl="Y">
    <value column="Name" original="C_Sales Region">C_Sales Region</value>
    <value column="Description" original="Sales Region selection">Sai Region selection</value>
    <value column="Help" original=""></value>
  </row>
  <row id="145" trl="Y">
    <value column="Name" original="C_Element">C_Element</value>
    <value column="Description" original="Element selection">Element selection</value>
    <value column="Help" original=""></value>
  </row>
  <row id="148" trl="Y">
    <value column="Name" original="C_DocType SubTypeSO">C_DocType SubTypeSO</value>
    <value column="Description" original="Order Types list">Order Types list</value>
    <value column="Help" original=""></value>
  </row>
  <row id="149" trl="Y">
    <value column="Name" original="C_Payment CreditCard Type">C_Payment CreditCard Type</value>
    <value column="Description" original="C_Payment Credit Card Type list">C_Payment Credit Card Type list</value>
    <value column="Help" original=""></value>
  </row>
  <row id="150" trl="Y">
    <value column="Name" original="C_Order InvoiceRule">C_Order InvoiceRule</value>
    <value column="Description" original="Invoicing Rules list">Invoicing Rules list</value>
    <value column="Help" original=""></value>
  </row>
  <row id="151" trl="Y">
    <value column="Name" original="C_Order DeliveryRule">C_Order DeliveryRule</value>
    <value column="Description" original="Delivery Rules list">Delivery Rules list</value>
    <value column="Help" original=""></value>
  </row>
  <row id="152" trl="Y">
    <value column="Name" original="C_Order DeliveryViaRule">C_Order DeliveryViaRule</value>
    <value column="Description" original="Delivery via Rule list">Delivery via Rule list</value>
    <value column="Help" original=""></value>
  </row>
  <row id="153" trl="Y">
    <value column="Name" original="C_Order FreightCostRule">C_Order FreightCostRule</value>
    <value column="Description" original="Freight cost Rule list">Freight cost Rule list</value>
    <value column="Help" original=""></value>
  </row>
  <row id="154" trl="Y">
    <value column="Name" original="All_PriorityRule">All_PriorityRule</value>
    <value column="Description" original="Priority scale list">Priority scale list</value>
    <value column="Help" original=""></value>
  </row>
  <row id="155" trl="Y">
    <value column="Name" original="M_DiscountPriceList RoundingRule">M_DiscountPriceList RoundingRule</value>
    <value column="Description" original="Price Rounding Rule list">Price Rounding Rule list</value>
    <value column="Help" original=""></value>
  </row>
  <row id="156" trl="Y">
    <value column="Name" original="C_Country">C_Country</value>
    <value column="Description" original="Country selection">Country selection</value>
    <value column="Help" original=""></value>
  </row>
  <row id="157" trl="Y">
    <value column="Name" original="C_Region">C_Region</value>
    <value column="Description" original="Region selection">Region selection</value>
    <value column="Help" original=""></value>
  </row>
  <row id="158" trl="Y">
    <value column="Name" original="C_Tax">C_Tax</value>
    <value column="Description" original="Tax selection">Tax selection</value>
    <value column="Help" original=""></value>
  </row>
  <row id="159" trl="Y">
    <value column="Name" original="C_BPartner Location">C_BPartner Location</value>
    <value column="Description" original="Locations of a Business Partner">Locations of ao Business Partner</value>
    <value column="Help" original=""></value>
  </row>
  <row id="161" trl="Y">
    <value column="Name" original="M_Product Parent">M_Product Parent</value>
    <value column="Description" original=""></value>
    <value column="Help" original=""></value>
  </row>
  <row id="162" trl="Y">
    <value column="Name" original="M_Product (no summary)">M_Product (não summary)</value>
    <value column="Description" original="Product selection, no summary">Product selection, não summary</value>
    <value column="Help" original=""></value>
  </row>
  <row id="163" trl="Y">
    <value column="Name" original="M_Product Category ">M_Product Category</value>
    <value column="Description" original=""></value>
    <value column="Help" original=""></value>
  </row>
  <row id="164" trl="Y">
    <value column="Name" original="M_Replenish Type">M_Replenish Type</value>
    <value column="Description" original=""></value>
    <value column="Help" original=""></value>
  </row>
  <row id="166" trl="Y">
    <value column="Name" original="M_PriceListForSale">M_PriceList</value>
    <value column="Description" original=""></value>
    <value column="Help" original=""></value>
  </row>
  <row id="167" trl="Y">
    <value column="Name" original="Weekdays">Weekdays</value>
    <value column="Description" original="List of days">List of days</value>
    <value column="Help" original=""></value>
  </row>
  <row id="168" trl="Y">
    <value column="Name" original="C_InvoiceSchedule InvoiceFrequency">C_InvoiceSchedule InvoiceFrequency</value>
    <value column="Description" original=""></value>
    <value column="Help" original=""></value>
  </row>
  <row id="169" trl="Y">
    <value column="Name" original="C_Project Parent">C_Project Parent</value>
    <value column="Description" original=""></value>
    <value column="Help" original=""></value>
  </row>
  <row id="170" trl="Y">
    <value column="Name" original="C_DocType">C_DocType</value>
    <value column="Description" original=""></value>
    <value column="Help" original=""></value>
  </row>
  <row id="171" trl="Y">
    <value column="Name" original="M_Product (stocked)">M_Product (stocked)</value>
    <value column="Description" original=""></value>
    <value column="Help" original=""></value>
  </row>
  <row id="172" trl="Y">
    <value column="Name" original="C_DocType SO">C_DocType SOU</value>
    <value column="Description" original=""></value>
    <value column="Help" original=""></value>
  </row>
  <row id="173" trl="Y">
    <value column="Name" original="C_BPartner Customers">C_BPartner Customers</value>
    <value column="Description" original="Customer selection">Customer selection</value>
    <value column="Help" original=""></value>
  </row>
  <row id="174" trl="Y">
    <value column="Name" original="AD_Workflow">AD_Workflow</value>
    <value column="Description" original="Workflows">Workflows</value>
    <value column="Help" original=""></value>
  </row>
  <row id="175" trl="Y">
    <value column="Name" original="C_ValidCombination">C_ValidCombination</value>
    <value column="Description" original="Valid Account combinations">Valid Account combinations</value>
    <value column="Help" original=""></value>
  </row>
  <row id="176" trl="Y">
    <value column="Name" original="C_PeriodControl Action">C_PeriodControl Action</value>
    <value column="Description" original=""></value>
    <value column="Help" original=""></value>
  </row>
  <row id="177" trl="Y">
    <value column="Name" original="C_PeriodControl Status">C_PeriodControl Status</value>
    <value column="Description" original=""></value>
    <value column="Help" original=""></value>
  </row>
  <row id="178" trl="Y">
    <value column="Name" original="GL_Budget Status">GL_Budget Status</value>
    <value column="Description" original=""></value>
    <value column="Help" original=""></value>
  </row>
  <row id="179" trl="Y">
    <value column="Name" original="C_SalesRegion Parent">C_SalesRegion Parent</value>
    <value column="Description" original=""></value>
    <value column="Help" original=""></value>
  </row>
  <row id="180" trl="Y">
    <value column="Name" original="All_ErrorType">All_ErrorType</value>
    <value column="Description" original="List of type of errors">List of type of enganos</value>
    <value column="Help" original=""></value>
  </row>
  <row id="181" trl="Y">
    <value column="Name" original="C_AcctSchema ElementType">C_AcctSchema ElementType</value>
    <value column="Description" original="Element Types for Accounting Elements">Element Types for Accounting Elements</value>
    <value column="Help" original="Hardcoded Element Types">Hardcoded Element Types</value>
  </row>
  <row id="182" trl="Y">
    <value column="Name" original="C_ElementValue (all)">C_ElementValue (all)</value>
    <value column="Description" original="Element Values">Element Avalie</value>
    <value column="Help" original=""></value>
  </row>
  <row id="183" trl="Y">
    <value column="Name" original="C_DocType DocBaseType">C_DocType DocBaseType</value>
    <value column="Description" original="Base Document Types">Apóie Document Types</value>
    <value column="Help" original=""></value>
  </row>
  <row id="184" trl="Y">
    <value column="Name" original="AD_Tree">AD_Tree</value>
    <value column="Description" original="Tree selection">Tree selection</value>
    <value column="Help" original=""></value>
  </row>
  <row id="187" trl="Y">
    <value column="Name" original="C_BPartner SalesRep">C_BPartner SalesRep</value>
    <value column="Description" original="Business Partners who are Sales Reps">Business Partners who are Sai Reps</value>
    <value column="Help" original="SalesRep_ID is synonym of AD_User_ID">SalesRep_ID is synonym of AD_User_ID</value>
  </row>
  <row id="188" trl="Y">
    <value column="Name" original="M_PriceList Version">M_PriceList Version</value>
    <value column="Description" original=""></value>
    <value column="Help" original=""></value>
  </row>
  <row id="189" trl="Y">
    <value column="Name" original="M_Transaction Movement Type">M_Transaction Movement Type</value>
    <value column="Description" original=""></value>
    <value column="Help" original=""></value>
  </row>
  <row id="190" trl="Y">
    <value column="Name" original="AD_User SalesRep">AD_User SalesRep</value>
    <value column="Description" original="Sales Representative">Sai Representative</value>
    <value column="Help" original=""></value>
  </row>
  <row id="191" trl="Y">
    <value column="Name" original="M_Locator">M_Locator</value>
    <value column="Description" original="Warehouse Locator">Warehouse Locator</value>
    <value column="Help" original=""></value>
  </row>
  <row id="192" trl="Y">
    <value column="Name" original="C_BPartner Vendors">C_BPartner Vendors</value>
    <value column="Description" original="Vendor selection">Vendor selection</value>
    <value column="Help" original=""></value>
  </row>
  <row id="193" trl="Y">
    <value column="Name" original="C_BankAccount for Credit Card">C_BankAccount for Credit Card</value>
    <value column="Description" original=""></value>
    <value column="Help" original=""></value>
  </row>
  <row id="194" trl="Y">
    <value column="Name" original="M_DiscountPriceList Base">M_DiscountPriceList Apóie</value>
    <value column="Description" original=""></value>
    <value column="Help" original=""></value>
  </row>
  <row id="195" trl="Y">
    <value column="Name" original="All_Payment Rule">All_Payment Rule</value>
    <value column="Description" original="In &amp; Out Payment Options">In e Out Payment Options</value>
    <value column="Help" original=""></value>
  </row>
  <row id="196" trl="Y">
    <value column="Name" original="C_RevenueRecognition Frequency">C_RevenueRecognition Frequency</value>
    <value column="Description" original="Frequency of Revenue Recognition">Frequency of Revenue Recognition</value>
    <value column="Help" original=""></value>
  </row>
  <row id="197" trl="Y">
    <value column="Name" original="M_Warehouse of Client">M_Warehouse of Client</value>
    <value column="Description" original=""></value>
    <value column="Help" original=""></value>
  </row>
  <row id="198" trl="Y">
    <value column="Name" original="M_Inventory ReportType">M_Inventory ReportType</value>
    <value column="Description" original=""></value>
    <value column="Help" original=""></value>
  </row>
  <row id="199" trl="Y">
    <value column="Name" original="M_PriceList_Version for Client">M_PriceList_Version for Client</value>
    <value column="Description" original=""></value>
    <value column="Help" original=""></value>
  </row>
  <row id="200" trl="Y">
    <value column="Name" original="C_Charge">C_Charge</value>
    <value column="Description" original=""></value>
    <value column="Help" original=""></value>
  </row>
  <row id="201" trl="Y">
    <value column="Name" original="C_BP_EDI EDI Type">C_BP_EDI EDI Type</value>
    <value column="Description" original=""></value>
    <value column="Help" original=""></value>
  </row>
  <row id="202" trl="Y">
    <value column="Name" original="M_EDI Status">M_EDI Status</value>
    <value column="Description" original=""></value>
    <value column="Help" original=""></value>
  </row>
  <row id="203" trl="Y">
    <value column="Name" original="M_EDI Trx Type">M_EDI Trx Type</value>
    <value column="Description" original=""></value>
    <value column="Help" original=""></value>
  </row>
  <row id="204" trl="Y">
    <value column="Name" original="AD_Find AndOr">AD_Find AndOr</value>
    <value column="Description" original=""></value>
    <value column="Help" original=""></value>
  </row>
  <row id="205" trl="Y">
    <value column="Name" original="AD_Find Operation">AD_Find Operation</value>
    <value column="Description" original=""></value>
    <value column="Help" original=""></value>
  </row>
  <row id="206" trl="Y">
    <value column="Name" original="AD_Table Posting">AD_Table Posting</value>
    <value column="Description" original="Posting Tables">Posting Tables</value>
    <value column="Help" original=""></value>
  </row>
  <row id="207" trl="Y">
    <value column="Name" original="GL Category Type">GL Category Type</value>
    <value column="Description" original=""></value>
    <value column="Help" original=""></value>
  </row>
  <row id="208" trl="Y">
    <value column="Name" original="AD_ImpFormat Type">AD_ImpFormat Type</value>
    <value column="Description" original=""></value>
    <value column="Help" original=""></value>
  </row>
  <row id="209" trl="Y">
    <value column="Name" original="AD_ImpFormat FormatType">AD_ImpFormat FormatType</value>
    <value column="Description" original=""></value>
    <value column="Help" original=""></value>
  </row>
  <row id="210" trl="Y">
    <value column="Name" original="AD_ImpFormat_Row Type">AD_ImpFormat_Row Type</value>
    <value column="Description" original=""></value>
    <value column="Help" original=""></value>
  </row>
  <row id="211" trl="Y">
    <value column="Name" original="M_Product BOM (stocked)">M_Product BOM (stocked)</value>
    <value column="Description" original="Products that are BOMs and stocked">Products that are BOMs and stocked</value>
    <value column="Help" original=""></value>
  </row>
  <row id="212" trl="Y">
    <value column="Name" original="M_InventoryCount QtyRange">M_InventoryCount QtyRange</value>
    <value column="Description" original=""></value>
    <value column="Help" original=""></value>
  </row>
  <row id="213" trl="Y">
    <value column="Name" original="C_Payment AVS">C_Payment AVS</value>
    <value column="Description" original=""></value>
    <value column="Help" original=""></value>
  </row>
  <row id="214" trl="Y">
    <value column="Name" original="C_Payment Tender Type">C_Payment Tender Type</value>
    <value column="Description" original=""></value>
    <value column="Help" original=""></value>
  </row>
  <row id="215" trl="Y">
    <value column="Name" original="C_Payment Trx Type">C_Payment Trx Type</value>
    <value column="Description" original=""></value>
    <value column="Help" original=""></value>
  </row>
  <row id="216" trl="Y">
    <value column="Name" original="C_Bank Account Type">C_Bank Account Type</value>
    <value column="Description" original=""></value>
    <value column="Help" original=""></value>
  </row>
  <row id="217" trl="Y">
    <value column="Name" original="C_Cash Trx Type">C_Cash Trx Type</value>
    <value column="Description" original=""></value>
    <value column="Help" original=""></value>
  </row>
  <row id="218" trl="Y">
    <value column="Name" original="R_Request Request Type">R_Request Request Type</value>
    <value column="Description" original=""></value>
    <value column="Help" original=""></value>
  </row>
  <row id="219" trl="Y">
    <value column="Name" original="R_Request Next Action">R_Request Next Action</value>
    <value column="Description" original=""></value>
    <value column="Help" original=""></value>
  </row>
  <row id="220" trl="Y">
    <value column="Name" original="R_Request Action Type">R_Request Action Type</value>
    <value column="Description" original=""></value>
    <value column="Help" original=""></value>
  </row>
  <row id="221" trl="Y">
    <value column="Name" original="R_Request Frequency Type">R_Request Frequency Type</value>
    <value column="Description" original=""></value>
    <value column="Help" original=""></value>
  </row>
  <row id="222" trl="Y">
    <value column="Name" original="R_Request Due Type">R_Request Due Type</value>
    <value column="Description" original=""></value>
    <value column="Help" original=""></value>
  </row>
  <row id="223" trl="Y">
    <value column="Name" original="C_BPartner Vendors Avtive">C_BPartner Vendors Avtive</value>
    <value column="Description" original="Vendor selection">Vendor selection</value>
    <value column="Help" original=""></value>
  </row>
  <row id="224" trl="Y">
    <value column="Name" original="C_Commission DocBasis">C_Commission DocBasis</value>
    <value column="Description" original=""></value>
    <value column="Help" original=""></value>
  </row>
  <row id="225" trl="Y">
    <value column="Name" original="C_Commission Frequency">C_Commission Frequency</value>
    <value column="Description" original=""></value>
    <value column="Help" original=""></value>
  </row>
  <row id="226" trl="Y">
    <value column="Name" original="AD_Role User Level">AD_Role User Level</value>
    <value column="Description" original=""></value>
    <value column="Help" original=""></value>
  </row>
  <row id="227" trl="Y">
    <value column="Name" original="C_PaymentTerm">C_PaymentTerm</value>
    <value column="Description" original=""></value>
    <value column="Help" original=""></value>
  </row>
  <row id="228" trl="Y">
    <value column="Name" original="PA_Goal">PA_Goal</value>
    <value column="Description" original=""></value>
    <value column="Help" original=""></value>
  </row>
  <row id="229" trl="Y">
    <value column="Name" original="PA_Achievement Parent">PA_Achievement Parent</value>
    <value column="Description" original=""></value>
    <value column="Help" original=""></value>
  </row>
  <row id="230" trl="Y">
    <value column="Name" original="PA_Goal Parent">PA_Goal Parent</value>
    <value column="Description" original=""></value>
    <value column="Help" original=""></value>
  </row>
  <row id="231" trl="Y">
    <value column="Name" original="PA_Measure Type">PA_Measure Type</value>
    <value column="Description" original=""></value>
    <value column="Help" original=""></value>
  </row>
  <row id="232" trl="Y">
    <value column="Name" original="C_BPartner Vendor or SalesRep">C_BPartner Vendor or SalesRep</value>
    <value column="Description" original="Vendor or SalesRep selection">Vendor or SalesRep selection</value>
    <value column="Help" original=""></value>
  </row>
  <row id="233" trl="Y">
    <value column="Name" original="C_Period (Open)">C_Period (Open)</value>
    <value column="Description" original="Periods Sorted by Date">Periods Sorted by Date</value>
    <value column="Help" original=""></value>
  </row>
  <row id="234" trl="Y">
    <value column="Name" original="All_Posted Status">All_Posted Status</value>
    <value column="Description" original=""></value>
    <value column="Help" original=""></value>
  </row>
  <row id="235" trl="Y">
    <value column="Name" original="PA_Report AmountType">PA_Report AmountType</value>
    <value column="Description" original=""></value>
    <value column="Help" original=""></value>
  </row>
  <row id="236" trl="Y">
    <value column="Name" original="PA_Report CalculationType">PA_Report CalculationType</value>
    <value column="Description" original=""></value>
    <value column="Help" original=""></value>
  </row>
  <row id="237" trl="Y">
    <value column="Name" original="PA_Report ColumnType">PA_Report ColumnType</value>
    <value column="Description" original=""></value>
    <value column="Help" original=""></value>
  </row>
  <row id="238" trl="Y">
    <value column="Name" original="PA_Report CurrencyType">PA_Report CurrencyType</value>
    <value column="Description" original=""></value>
    <value column="Help" original=""></value>
  </row>
  <row id="239" trl="Y">
    <value column="Name" original="PA_ReportColumn">PA_ReportColumn</value>
    <value column="Description" original=""></value>
    <value column="Help" original=""></value>
  </row>
  <row id="240" trl="Y">
    <value column="Name" original="PA_ReportLine">PA_ReportLine</value>
    <value column="Description" original=""></value>
    <value column="Help" original=""></value>
  </row>
  <row id="241" trl="Y">
    <value column="Name" original="PA_Report LineType">PA_Report LineType</value>
    <value column="Description" original=""></value>
    <value column="Help" original=""></value>
  </row>
  <row id="242" trl="Y">
    <value column="Name" original="PA_ReportLine Parent">PA_ReportLine Parent</value>
    <value column="Description" original=""></value>
    <value column="Help" original=""></value>
  </row>
  <row id="243" trl="Y">
    <value column="Name" original="AD_Color Type">AD_Color Type</value>
    <value column="Description" original=""></value>
    <value column="Help" original=""></value>
  </row>
  <row id="244" trl="Y">
    <value column="Name" original="AD_Column Key ColumnNames">AD_Column Key ColumnNames</value>
    <value column="Description" original=""></value>
    <value column="Help" original=""></value>
  </row>
  <row id="245" trl="Y">
    <value column="Name" original="All_Entity Type">All_Entity Type</value>
    <value column="Description" original="Entity Type (Dictionary, ..)">Entity Type (Dictionary, ..)</value>
    <value column="Help" original=""></value>
  </row>
  <row id="246" trl="Y">
    <value column="Name" original="M_Discount CumulativeLevel">M_Discount CumulativeLevel</value>
    <value column="Description" original=""></value>
    <value column="Help" original=""></value>
  </row>
  <row id="247" trl="Y">
    <value column="Name" original="M_Discount Type">M_Discount Type</value>
    <value column="Description" original=""></value>
    <value column="Help" original=""></value>
  </row>
  <row id="248" trl="Y">
    <value column="Name" original="AD_Color StartPoint">AD_Color StartPoint</value>
    <value column="Description" original=""></value>
    <value column="Help" original=""></value>
  </row>
  <row id="249" trl="Y">
    <value column="Name" original="M_DiscountSchema">M_DiscountSchema</value>
    <value column="Description" original=""></value>
    <value column="Help" original=""></value>
  </row>
  <row id="250" trl="Y">
    <value column="Name" original="M_Product_Costing Source">M_Product_Costing Source</value>
    <value column="Description" original=""></value>
    <value column="Help" original=""></value>
  </row>
  <row id="251" trl="Y">
    <value column="Name" original="AD_Column Name">AD_Column Name</value>
    <value column="Description" original="Column selection">Column selection</value>
    <value column="Help" original=""></value>
  </row>
  <row id="252" trl="Y">
    <value column="Name" original="C_BPartner Employee">C_BPartner Employee</value>
    <value column="Description" original="Business Partners who are Employee">Business Partners who are Employee</value>
    <value column="Help" original=""></value>
  </row>
  <row id="253" trl="Y">
    <value column="Name" original="AD_Print Field Alignment">AD_Print Field Alignment</value>
    <value column="Description" original=""></value>
    <value column="Help" original=""></value>
  </row>
  <row id="254" trl="Y">
    <value column="Name" original="AD_Print Line Alignment">AD_Print Line Alignment</value>
    <value column="Description" original=""></value>
    <value column="Help" original=""></value>
  </row>
  <row id="255" trl="Y">
    <value column="Name" original="AD_Print Format Type">AD_Print Format Type</value>
    <value column="Description" original=""></value>
    <value column="Help" original=""></value>
  </row>
  <row id="256" trl="Y">
    <value column="Name" original="AD_Print Area">AD_Print Area</value>
    <value column="Description" original=""></value>
    <value column="Help" original=""></value>
  </row>
  <row id="257" trl="Y">
    <value column="Name" original="AD_Column Integer">AD_Column Integer</value>
    <value column="Description" original="Integer Type only (Name)">Integer Type only (Name)</value>
    <value column="Help" original=""></value>
  </row>
  <row id="258" trl="Y">
    <value column="Name" original="AD_Column YesNo">AD_Column YesNo</value>
    <value column="Description" original="Coluns YesNo (Name)">Coluns YesNo (Name)</value>
    <value column="Help" original=""></value>
  </row>
  <row id="259" trl="Y">
    <value column="Name" original="AD_PrintFormat">AD_PrintFormat</value>
    <value column="Description" original=""></value>
    <value column="Help" original=""></value>
  </row>
  <row id="261" trl="Y">
    <value column="Name" original="AD_PrintFormat Invoice">AD_PrintFormat Invoice</value>
    <value column="Description" original=""></value>
    <value column="Help" original=""></value>
  </row>
  <row id="262" trl="Y">
    <value column="Name" original="AD_PrintFormat Order">AD_PrintFormat Order</value>
    <value column="Description" original=""></value>
    <value column="Help" original=""></value>
  </row>
  <row id="263" trl="Y">
    <value column="Name" original="AD_PrintFormat Shipment">AD_PrintFormat Shipment</value>
    <value column="Description" original=""></value>
    <value column="Help" original=""></value>
  </row>
  <row id="264" trl="Y">
    <value column="Name" original="AD_PrintFormatItem">AD_PrintFormatItem</value>
    <value column="Description" original=""></value>
    <value column="Help" original=""></value>
  </row>
  <row id="265" trl="Y">
    <value column="Name" original="AD_Print Graph Type">AD_Print Graph Type</value>
    <value column="Description" original=""></value>
    <value column="Help" original=""></value>
  </row>
  <row id="266" trl="Y">
    <value column="Name" original="AD_PrintColor">AD_PrintColor</value>
    <value column="Description" original=""></value>
    <value column="Help" original=""></value>
  </row>
  <row id="267" trl="Y">
    <value column="Name" original="AD_PrintFont">AD_PrintFont</value>
    <value column="Description" original=""></value>
    <value column="Help" original=""></value>
  </row>
  <row id="268" trl="Y">
    <value column="Name" original="AD_PrintFormat Check">AD_PrintFormat Check</value>
    <value column="Description" original=""></value>
    <value column="Help" original=""></value>
  </row>
  <row id="269" trl="Y">
    <value column="Name" original="AD_PrintFormat Not TableBased">AD_PrintFormat Not TableBased</value>
    <value column="Description" original=""></value>
    <value column="Help" original=""></value>
  </row>
  <row id="270" trl="Y">
    <value column="Name" original="M_Product_ProductType">M_Product_ProductType</value>
    <value column="Description" original=""></value>
    <value column="Help" original=""></value>
  </row>
  <row id="271" trl="Y">
    <value column="Name" original="C_OrderLine">C_OrderLine</value>
    <value column="Description" original="Order Line">Order Line</value>
    <value column="Help" original=""></value>
  </row>
  <row id="272" trl="Y">
    <value column="Name" original="I_ElementValue Column">I_ElementValue Column</value>
    <value column="Description" original=""></value>
    <value column="Help" original=""></value>
  </row>
  <row id="273" trl="Y">
    <value column="Name" original="C_ElementValue (Parents)">C_ElementValue (Parents)</value>
    <value column="Description" original="Account selection">Account selection</value>
    <value column="Help" original=""></value>
  </row>
  <row id="274" trl="Y">
    <value column="Name" original="R_MailText">R_MailText</value>
    <value column="Description" original="Mail Text">Mail Text</value>
    <value column="Help" original=""></value>
  </row>
  <row id="275" trl="Y">
    <value column="Name" original="C_Period (all)">C_Period (all)</value>
    <value column="Description" original="Periods Sorted by Date">Periods Sorted by Date</value>
    <value column="Help" original=""></value>
  </row>
  <row id="276" trl="Y">
    <value column="Name" original="AD_Org (all)">AD_Org (all)</value>
    <value column="Description" original="Organization selection">Organization selection</value>
    <value column="Help" original=""></value>
  </row>
  <row id="277" trl="Y">
    <value column="Name" original="C_BPartner Employee w Address">C_BPartner Employee w Address</value>
    <value column="Description" original="Business Partners who are Employee and have addresses">Business Partners who are Employee and have addresses</value>
    <value column="Help" original=""></value>
  </row>
  <row id="278" trl="Y">
    <value column="Name" original="AD_Tab">AD_Tab</value>
    <value column="Description" original=""></value>
    <value column="Help" original=""></value>
  </row>
  <row id="279" trl="Y">
    <value column="Name" original="M_Product BOM Type">M_Product BOM Type</value>
    <value column="Description" original=""></value>
    <value column="Help" original=""></value>
  </row>
  <row id="280" trl="Y">
    <value column="Name" original="AD_Print Label Line Type">AD_Print Label Line Type</value>
    <value column="Description" original=""></value>
    <value column="Help" original=""></value>
  </row>
  <row id="282" trl="Y">
    <value column="Name" original="C_Recurring Type">C_Recurring Type</value>
    <value column="Description" original=""></value>
    <value column="Help" original=""></value>
  </row>
  <row id="283" trl="Y">
    <value column="Name" original="C_Recurring Frequency">C_Recurring Frequency</value>
    <value column="Description" original=""></value>
    <value column="Help" original=""></value>
  </row>
  <row id="284" trl="Y">
    <value column="Name" original="AD_Window">AD_Window</value>
    <value column="Description" original=""></value>
    <value column="Help" original=""></value>
  </row>
  <row id="285" trl="Y">
    <value column="Name" original="K_Entry Related">K_Entry Related</value>
    <value column="Description" original=""></value>
    <value column="Help" original=""></value>
  </row>
  <row id="286" trl="Y">
    <value column="Name" original="AD_User - Internal">AD_User - Internal</value>
    <value column="Description" original="Employee or SalesRep">Employee or SalesRep</value>
    <value column="Help" original=""></value>
  </row>
  <row id="287" trl="Y">
    <value column="Name" original="C_Tax SPPOType">C_Tax SPPOType</value>
    <value column="Description" original=""></value>
    <value column="Help" original=""></value>
  </row>
  <row id="288" trl="Y">
    <value column="Name" original="C_ProjectType Category">C_ProjectType Categoria</value>
    <value column="Description" original=""></value>
    <value column="Help" original=""></value>
  </row>
  <row id="289" trl="Y">
    <value column="Name" original="C_BPartner SOCreditStatus">C_BPartner Estado do Crédito</value>
    <value column="Description" original="Sales Credit Status">Lista de estados de Créditos de Vendas</value>
    <value column="Help" original=""></value>
  </row>
  <row id="290" trl="Y">
    <value column="Name" original="C_Order Purchase">C_Order Compra</value>
    <value column="Description" original="Purchase orders">Pedidos de Compra</value>
    <value column="Help" original=""></value>
  </row>
  <row id="100000" trl="N">
    <value column="Name" original="C_Quality">C_Quality</value>
    <value column="Description" original=""></value>
    <value column="Help" original=""></value>
  </row>
  <row id="100001" trl="N">
    <value column="Name" original="Ncm">NCM</value>
    <value column="Description" original=""></value>
    <value column="Help" original=""></value>
  </row>
  <row id="800000" trl="Y">
    <value column="Name" original="M_Product_UOM">M_Product_UOM</value>
    <value column="Description" original="UOM order">Unidade de Pedido de Produto</value>
    <value column="Help" original=""></value>
  </row>
  <row id="800001" trl="Y">
    <value column="Name" original="C_Tax_Parent">C_Tax_Parent</value>
    <value column="Description" original="Taxes with IsSummary=Y">Impostos com o IsSummary=E</value>
    <value column="Help" original="Parent Taxes">Impostos pai</value>
  </row>
  <row id="800002" trl="Y">
    <value column="Name" original="ProjectStatus">SituaciónObra</value>
    <value column="Description" original=""></value>
    <value column="Help" original=""></value>
  </row>
  <row id="800003" trl="Y">
    <value column="Name" original="Projectphase">FaseObra</value>
    <value column="Description" original=""></value>
    <value column="Help" original=""></value>
  </row>
  <row id="800004" trl="Y">
    <value column="Name" original="Projectkind">TipoObra</value>
    <value column="Description" original=""></value>
    <value column="Help" original=""></value>
  </row>
  <row id="800005" trl="Y">
    <value column="Name" original="PublicPrivate">TipoIniciativa</value>
    <value column="Description" original=""></value>
    <value column="Help" original=""></value>
  </row>
  <row id="800007" trl="Y">
    <value column="Name" original="Print Format Invoice">Formato impressão fatura</value>
    <value column="Description" original=""></value>
    <value column="Help" original=""></value>
  </row>
  <row id="800008" trl="Y">
    <value column="Name" original="Price">Preço</value>
    <value column="Description" original="Price">Preço</value>
    <value column="Help" original="Price">Preço</value>
  </row>
  <row id="800009" trl="Y">
    <value column="Name" original="Product_Template_Type">Tipo de palmilha</value>
    <value column="Description" original=""></value>
    <value column="Help" original=""></value>
  </row>
  <row id="800010" trl="Y">
    <value column="Name" original="Settlement type">Tipo liquidação</value>
    <value column="Description" original=""></value>
    <value column="Help" original=""></value>
  </row>
  <row id="800011" trl="Y">
    <value column="Name" original="Product Complete">Produto Armazém</value>
    <value column="Description" original=""></value>
    <value column="Help" original=""></value>
  </row>
  <row id="800012" trl="Y">
    <value column="Name" original="Type maintenance">Tipo manutenção</value>
    <value column="Description" original=""></value>
    <value column="Help" original=""></value>
  </row>
  <row id="800014" trl="Y">
    <value column="Name" original="C_ElementValue show value conditions">Valor a Aplicar</value>
    <value column="Description" original=""></value>
    <value column="Help" original=""></value>
  </row>
  <row id="800015" trl="Y">
    <value column="Name" original="C_ElementValue level">Nível do Elemento</value>
    <value column="Description" original=""></value>
    <value column="Help" original=""></value>
  </row>
  <row id="800016" trl="Y">
    <value column="Name" original="Schedule_Periodicity">Periodicidade da agenda</value>
    <value column="Description" original=""></value>
    <value column="Help" original=""></value>
  </row>
  <row id="800017" trl="Y">
    <value column="Name" original="Strorage Payment Rule">Forma de pagamento armazém</value>
    <value column="Description" original=""></value>
    <value column="Help" original=""></value>
  </row>
  <row id="800018" trl="Y">
    <value column="Name" original="DocumentDocTypeCopy">Tipo de cópia</value>
    <value column="Description" original=""></value>
    <value column="Help" original=""></value>
  </row>
  <row id="800019" trl="Y">
    <value column="Name" original="General Quantity">Quantidade geral</value>
    <value column="Description" original="General Quantity">Quantidade geral</value>
    <value column="Help" original=""></value>
  </row>
  <row id="800020" trl="Y">
    <value column="Name" original="Invoicingmode">Modo faturamento</value>
    <value column="Description" original="">Listrado de formas de faturar próprio das entradas e saídas das linhas de uma entrega.</value>
    <value column="Help" original=""></value>
  </row>
  <row id="800021" trl="Y">
    <value column="Name" original="Invoicingtype">Tipo faturamento</value>
    <value column="Description" original=""></value>
    <value column="Help" original=""></value>
  </row>
  <row id="800022" trl="Y">
    <value column="Name" original="AD_Table Posting TRL">AD_Table Posting TRL</value>
    <value column="Description" original=""></value>
    <value column="Help" original=""></value>
  </row>
  <row id="800023" trl="Y">
    <value column="Name" original="Bankingrule">Norma bancária</value>
    <value column="Description" original=""></value>
    <value column="Help" original=""></value>
  </row>
  <row id="800024" trl="Y">
    <value column="Name" original="All_Processed_Status">All_Processed_Status</value>
    <value column="Description" original=""></value>
    <value column="Help" original=""></value>
  </row>
  <row id="800025" trl="Y">
    <value column="Name" original="Cost Type">Tipo de Custo</value>
    <value column="Description" original=""></value>
    <value column="Help" original=""></value>
  </row>
  <row id="800026" trl="Y">
    <value column="Name" original="Scheduled invoice grouping">Agrupamento em faturas periódicas</value>
    <value column="Description" original="For scheduled invoicing, break into different invoices if the related values are different">Para o faturamento periódico, romper em distintas faturas quando os valores relacionados sejam distintos.</value>
    <value column="Help" original="For scheduled invoicing, break into different invoices if the related values are different. The value is used as a binary code with 15 digits:&#10;1.-Order organization (AD_Org_ID)&#10;2.-Order (C_Order_ID)&#10;3.-Shipment (M_InOut_ID)&#10;4.-Invoice location (BillTo_ID)&#10;5.-Ship location (C_BPartner_Location_ID)&#10;6.-Sales representative (SalesRep_ID)&#10;7.-Payment rule (PaymentRule)&#10;8.-Payment term (C_PaymentTerm_ID)&#10;9.-Currency (C_Currency_ID)&#10;10.-Campaign (C_Campaign_ID)&#10;11.-Project (C_Project_ID)&#10;12.-Activity (C_Activity_ID)&#10;13.-Transaction organization (AD_OrgTrx_ID)&#10;14.-User defined 1 (User1)&#10;15.-User defined 2 (User2)&#10;&#10;For example, if you want to create different invoices for each ship location for a customer, use the value &quot;By ship location&quot; (000010000000000)">O código é usado como um número binário de 15 dígitos:||1.-Organização do pedido (AD_Org_ID)||2.-Pedido (C_Order_ID)||3.-Entrega (M_InOut_ID)||4.-Direção de fatura (BillTo_ID)||5.-Direção de envio (C_BPartner_Location_ID)||6.-Comercial (SalesRep_</value>
  </row>
  <row id="800027" trl="Y">
    <value column="Name" original="Quarter">Trimestre</value>
    <value column="Description" original="Quarter o trimester year"></value>
    <value column="Help" original=""></value>
  </row>
  <row id="800028" trl="Y">
    <value column="Name" original="AD_Form">AD_Form</value>
    <value column="Description" original="List of all forms">Listrado de todos os formulários</value>
    <value column="Help" original=""></value>
  </row>
  <row id="800029" trl="Y">
    <value column="Name" original="Offers">Ofertas</value>
    <value column="Description" original=""></value>
    <value column="Help" original=""></value>
  </row>
  <row id="800030" trl="Y">
    <value column="Name" original="IsManager">IsManager</value>
    <value column="Description" original=""></value>
    <value column="Help" original=""></value>
  </row>
  <row id="800031" trl="Y">
    <value column="Name" original="M_PriceListForPurchase">M_PriceListForPurchase</value>
    <value column="Description" original="Purchase order price lists.">Listas de Preços de Pedidos</value>
    <value column="Help" original=""></value>
  </row>
  <row id="800032" trl="Y">
    <value column="Name" original="MA_CostCenter">MA_CostCenter</value>
    <value column="Description" original="Cost Centers">Centros de Custo</value>
    <value column="Help" original=""></value>
  </row>
  <row id="800033" trl="Y">
    <value column="Name" original="Maintenance type">Tipo manutenção</value>
    <value column="Description" original="Maintenance type">Tipo Manutenção</value>
    <value column="Help" original="Maintenance type">Tipo Manutenção</value>
  </row>
  <row id="800034" trl="Y">
    <value column="Name" original="Production Type">Tipo Produção</value>
    <value column="Description" original="Production type list">Lista de tipos de produção</value>
    <value column="Help" original="Production types">tipos de Produção</value>
  </row>
  <row id="800035" trl="Y">
    <value column="Name" original="C_BPartner Worker">C_BPartner Operário</value>
    <value column="Description" original="Partners with isWorker=Y">Terceiros com isWorker=E</value>
    <value column="Help" original="Partners that are Workers">Terceiros que são operários</value>
  </row>
  <row id="800037" trl="Y">
    <value column="Name" original="WorkRequirementType">Tipo de Parte Fabricação</value>
    <value column="Description" original="Work Requirement type list">Lista de tipos de Ordens de Fabricação</value>
    <value column="Help" original=""></value>
  </row>
  <row id="800038" trl="Y">
    <value column="Name" original="Shift">Turno</value>
    <value column="Description" original="Work shift list">Lista de voltas de trabalho</value>
    <value column="Help" original="Work shift">Turnos de trabalho</value>
  </row>
  <row id="800039" trl="Y">
    <value column="Name" original="Value Type">Tipo de Valor</value>
    <value column="Description" original="Value type list">Lista de tipos de valores</value>
    <value column="Help" original="Indicates the value type that it's going to be entered">Indica o tipo de valor que vai se introduzir</value>
  </row>
  <row id="800040" trl="Y">
    <value column="Name" original="Amortization type">Tipo de amortização</value>
    <value column="Description" original="It shows the different types of amortization.">Mostra os distintos tipos de amortização</value>
    <value column="Help" original=""></value>
  </row>
  <row id="800041" trl="Y">
    <value column="Name" original="Amortization schedule">Calendário amortização</value>
    <value column="Description" original=""></value>
    <value column="Help" original=""></value>
  </row>
  <row id="800042" trl="Y">
    <value column="Name" original="Create/recalculate amortization">Crear/recalcular plano de amortização</value>
    <value column="Description" original=""></value>
    <value column="Help" original=""></value>
  </row>
  <row id="800046" trl="Y">
    <value column="Name" original="C_BankAccount">C_BankAccount_ID</value>
    <value column="Description" original=""></value>
    <value column="Help" original=""></value>
  </row>
  <row id="800057" trl="Y">
    <value column="Name" original="Business Partner ">Terceiro</value>
    <value column="Description" original=""></value>
    <value column="Help" original=""></value>
  </row>
  <row id="800058" trl="Y">
    <value column="Name" original="Debt/Payment">Efeito</value>
    <value column="Description" original=""></value>
    <value column="Help" original=""></value>
  </row>
  <row id="800059" trl="Y">
    <value column="Name" original="Invoice">Fatura</value>
    <value column="Description" original=""></value>
    <value column="Help" original=""></value>
  </row>
  <row id="800060" trl="Y">
    <value column="Name" original="Product">Produto</value>
    <value column="Description" original=""></value>
    <value column="Help" original=""></value>
  </row>
  <row id="800061" trl="Y">
    <value column="Name" original="Project">Projeto</value>
    <value column="Description" original=""></value>
    <value column="Help" original=""></value>
  </row>
  <row id="800062" trl="Y">
    <value column="Name" original="Sales Order">Pedido venda</value>
    <value column="Description" original=""></value>
    <value column="Help" original=""></value>
  </row>
  <row id="800063" trl="Y">
    <value column="Name" original="Sales Order Line">Linha pedido venda</value>
    <value column="Description" original=""></value>
    <value column="Help" original=""></value>
  </row>
  <row id="800064" trl="Y">
    <value column="Name" original="Shipment/Receipt Line">Linha entrega</value>
    <value column="Description" original=""></value>
    <value column="Help" original=""></value>
  </row>
  <row id="800065" trl="Y">
    <value column="Name" original="Maintenance Periodicity">Periodicidade de Manutenção</value>
    <value column="Description" original=""></value>
    <value column="Help" original=""></value>
  </row>
  <row id="800066" trl="Y">
    <value column="Name" original="Parameter type (In/Out)">Tipo de parâmetro (In/out)</value>
    <value column="Description" original=""></value>
    <value column="Help" original=""></value>
  </row>
  <row id="800067" trl="Y">
    <value column="Name" original="RappelType">Tipo de rappel</value>
    <value column="Description" original="Types of rappels">Tipos de rappel</value>
    <value column="Help" original="Types of rappels">Tipos de rappel</value>
  </row>
  <row id="800068" trl="Y">
    <value column="Name" original="AmortizationCalcType">AmortizationCalcType</value>
    <value column="Description" original=""></value>
    <value column="Help" original=""></value>
  </row>
  <row id="800069" trl="Y">
    <value column="Name" original="Budget_Type">Tipo Pressuposto</value>
    <value column="Description" original=""></value>
    <value column="Help" original=""></value>
  </row>
  <row id="800070" trl="Y">
    <value column="Name" original="C_DP_Management_Status">DP_Management_Status</value>
    <value column="Description" original=""></value>
    <value column="Help" original=""></value>
  </row>
  <row id="800071" trl="Y">
    <value column="Name" original="Freight_Unit">Unidade de porte</value>
    <value column="Description" original=""></value>
    <value column="Help" original=""></value>
  </row>
  <row id="800072" trl="Y">
    <value column="Name" original="Freight round">Freight round</value>
    <value column="Description" original=""></value>
    <value column="Help" original=""></value>
  </row>
  <row id="800073" trl="Y">
    <value column="Name" original="C_Debt_Payment">C_Debt_Payment</value>
    <value column="Description" original=""></value>
    <value column="Help" original=""></value>
  </row>
  <row id="800074" trl="Y">
    <value column="Name" original="Accounting period">Período</value>
    <value column="Description" original="Accounting model period">Períodos dos modelos contáveis</value>
    <value column="Help" original=""></value>
  </row>
  <row id="800075" trl="Y">
    <value column="Name" original="C_ExternalPOS_State">ExternalPOS_Estado</value>
    <value column="Description" original="State of one order">State of one order</value>
    <value column="Help" original=""></value>
  </row>
  <row id="800076" trl="Y">
    <value column="Name" original="C_Remittance no canceled or returned">C_Remittance não canceled or returned</value>
    <value column="Description" original=""></value>
    <value column="Help" original=""></value>
  </row>
  <row id="800078" trl="Y">
    <value column="Name" original="Order status">Status pedido</value>
    <value column="Description" original=""></value>
    <value column="Help" original=""></value>
  </row>
  <row id="800079" trl="Y">
    <value column="Name" original="AT_Test">AT_Test</value>
    <value column="Description" original=""></value>
    <value column="Help" original=""></value>
  </row>
  <row id="800080" trl="Y">
    <value column="Name" original="AT_LineType">AT_LineType</value>
    <value column="Description" original="Defines if the Test Line is a command line or a reference to execute another Test."></value>
    <value column="Help" original=""></value>
  </row>
  <row id="800081" trl="Y">
    <value column="Name" original="AT_TestType">AT_TestType</value>
    <value column="Description" original="It defines the category of the test. It can be individual, module or application."></value>
    <value column="Help" original=""></value>
  </row>
  <row id="800082" trl="Y">
    <value column="Name" original="AD_Language_Using">AD_Language_Using</value>
    <value column="Description" original=""></value>
    <value column="Help" original=""></value>
  </row>
  <row id="800083" trl="Y">
    <value column="Name" original="Argument Type">Argument Type</value>
    <value column="Description" original=""></value>
    <value column="Help" original=""></value>
  </row>
  <row id="800084" trl="Y">
    <value column="Name" original="Arguments">Arguments</value>
    <value column="Description" original=""></value>
    <value column="Help" original=""></value>
  </row>
  <row id="800085" trl="Y">
    <value column="Name" original="Accounting report type">Tipo relatório contável</value>
    <value column="Description" original=""></value>
    <value column="Help" original=""></value>
  </row>
  <row id="800086" trl="Y">
    <value column="Name" original="DimensionalFilterPurchase">DimensionalFilter</value>
    <value column="Description" original=""></value>
    <value column="Help" original=""></value>
  </row>
  <row id="800087" trl="Y">
    <value column="Name" original="DimensionalFilterSale">DimensionalFilterSale</value>
    <value column="Description" original=""></value>
    <value column="Help" original=""></value>
  </row>
  <row id="800088" trl="Y">
    <value column="Name" original="Cost Uom">Cost Uom</value>
    <value column="Description" original=""></value>
    <value column="Help" original=""></value>
  </row>
  <row id="800089" trl="Y">
    <value column="Name" original="Cost type">Cost type</value>
    <value column="Description" original=""></value>
    <value column="Help" original=""></value>
  </row>
  <row id="800090" trl="Y">
    <value column="Name" original="C_BP_TaxCategory">C_BP_TaxCategory</value>
    <value column="Description" original=""></value>
    <value column="Help" original=""></value>
  </row>
  <row id="800092" trl="Y">
    <value column="Name" original="Locator search">Locator search</value>
    <value column="Description" original=""></value>
    <value column="Help" original=""></value>
  </row>
  <row id="800093" trl="Y">
    <value column="Name" original="Responsible employee">Responsible employee</value>
    <value column="Description" original=""></value>
    <value column="Help" original=""></value>
  </row>
  <row id="800095" trl="Y">
    <value column="Name" original="Shipment/Receipt">Entrega</value>
    <value column="Description" original=""></value>
    <value column="Help" original=""></value>
  </row>
  <row id="800096" trl="Y">
    <value column="Name" original="Invoice Line">Linha de fatura</value>
    <value column="Description" original=""></value>
    <value column="Help" original=""></value>
  </row>
  <row id="800097" trl="Y">
    <value column="Name" original="Class format type">Classe formato</value>
    <value column="Description" original=""></value>
    <value column="Help" original=""></value>
  </row>
  <row id="800098" trl="Y">
    <value column="Name" original="In/out transaction types for planning">Tipos dos transações de entrada/salida</value>
    <value column="Description" original=""></value>
    <value column="Help" original=""></value>
  </row>
  <row id="800099" trl="Y">
    <value column="Name" original="Quantity type">Tipo de tamanho de lote</value>
    <value column="Description" original=""></value>
    <value column="Help" original=""></value>
  </row>
  <row id="800100" trl="Y">
    <value column="Name" original="MRP_ProductionLine">MRP_ProductionLine</value>
    <value column="Description" original=""></value>
    <value column="Help" original=""></value>
  </row>
  <row id="800101" trl="Y">
    <value column="Name" original="Link">Link</value>
    <value column="Description" original="Link">Link</value>
    <value column="Help" original=""></value>
  </row>
  <row id="800102" trl="Y">
    <value column="Name" original="Skin list">Lista de skins</value>
    <value column="Description" original=""></value>
    <value column="Help" original=""></value>
  </row>
  <row id="800103" trl="Y">
    <value column="Name" original="Development Status">Development Status</value>
    <value column="Description" original=""></value>
    <value column="Help" original=""></value>
  </row>
  <row id="800104" trl="Y">
    <value column="Name" original="Output format">Formato de saída</value>
    <value column="Description" original=""></value>
    <value column="Help" original=""></value>
  </row>
  <row id="800105" trl="Y">
    <value column="Name" original="AD_Role">AD_Rol</value>
    <value column="Description" original="User Role">User Regra</value>
    <value column="Help" original=""></value>
  </row>
  <row id="800106" trl="Y">
    <value column="Name" original="AD_Language system">AD_Language system</value>
    <value column="Description" original=""></value>
    <value column="Help" original=""></value>
  </row>
</compiereTrl>
