<?xml version="1.0" encoding="UTF-8"?>
<compiereTrl language="pt_BR" table="AD_WORKFLOW">
  <row id="101" trl="Y">
    <value column="Name" original="Project Setup and Use">Configuração do Projeto e Uso</value>
    <value column="Description" original="Setup of projects and project reporting">Configuração de projetos e Informe de Projetos</value>
    <value column="Help" original="Projects allow to monitor the status and progress of sales opportunities, service projects and investment projects. A Project is a process that is undertaken which can involve multiple steps or phases and require resources from more than one area.">###############################################################################################################################################################################################################################################################</value>
  </row>
  <row id="103" trl="Y">
    <value column="Name" original="Language Setup">Configuração de linguagem</value>
    <value column="Description" original="Setup a new Language of the system and translate elements">Configura uma nova linguagem do sistema e traduz elementos.</value>
    <value column="Help" original="Define a new language as a system language.">Define uma nova linguagem como um sistema de linguagem</value>
  </row>
  <row id="104" trl="Y">
    <value column="Name" original="Initial Client Setup Review">Revisão da Configuração Inicial de Cliente</value>
    <value column="Description" original="Review of system level setup of a new  Client">Revisão do nível de sistema da configuração de um novo Cliente</value>
    <value column="Help" original="This workflow reviews the system setup of a new client as performed by the automatic Initial Client Setup.|You may want to check also the following Workflows:|- Accounting Setup|- Business Partner Setup|- Product Setup|- Price list Setup|- Warehouse Setup|- Tax Setup|">###############################################################################################################################################################################################################################################################</value>
  </row>
  <row id="105" trl="Y">
    <value column="Name" original="Accounting Setup">Configuração Contável</value>
    <value column="Description" original="Review and change Accounting Setup">Revisão e mudança da Configuració Contável</value>
    <value column="Help" original="This workflow allows you to review and change your Accounting Rules. ">Este Fluxo de Trabalho te permite revisar e trocar suas Regras de Contabilidade.</value>
  </row>
  <row id="106" trl="Y">
    <value column="Name" original="Business Partner Setup">Configuração de Terceiros</value>
    <value column="Description" original="Setup Business Partner Rules">Regras de configuração de Terceiros.</value>
    <value column="Help" original="This workflow defines the Business Partners and the supporting rules.">Este fluxo de trabalho define aos Terceiros e suas regras.</value>
  </row>
  <row id="107" trl="Y">
    <value column="Name" original="Product Setup">Configuração de produtos</value>
    <value column="Description" original="Set up Products">Configuração de produtos</value>
    <value column="Help" original="Define your products manually. You should verify the settings especially if you import your products.">Define os produtos manualmente. deve-se verificar a configuração, especialmente se importar os produtos.</value>
  </row>
  <row id="108" trl="Y">
    <value column="Name" original="Price List Setup">Configuração de Lista de Preços (Tarifas)</value>
    <value column="Description" original="Define your Price Lists and Discounts">Define suas Listas de Preços (Tarifas) e Descontos.</value>
    <value column="Help" original="You define your price lists after entering or importing your products">Define suas Listas de Preços (Tarifas) depois de introduzir ou importar seus produtos</value>
  </row>
  <row id="109" trl="Y">
    <value column="Name" original="Replication Setup">Configuração Cópia</value>
    <value column="Description" original="Setup of data replication">Configuração de Cópia de dados</value>
    <value column="Help" original="Data Replication allows you to synchronize data of remote instances with a central office.  All actions are initialized from the central office.&lt;p&gt;|&lt;b&gt;Central System:&lt;/b&gt;&lt;BR&gt;|- setup system with all organizations, roles, etc.&lt;BR&gt;|- run the migration to make sure that it is up-to-date&lt;BR&gt;|- export the central system|&lt;p&gt;|&lt;b&gt;Remote System:&lt;/b&gt;|- install the exact version as Central System&lt;BR&gt;|- import data from Central System in the remote locations|&lt;p&gt;|&lt;b&gt;Central System:&lt;/b&gt;|- Define Replication per Remote&lt;BR&gt;|- Make sure that the ID range is unique per remote - otherwise you will loose transactions!&lt;BR&gt;|- Initially Start the Replication Run to setup Remote|&lt;p&gt;|** Enter Transactions **|&lt;p&gt;|&lt;b&gt;Central System:&lt;/b&gt;&lt;BR&gt;|- Start the Replication Run when required|">###############################################################################################################################################################################################################################################################</value>
  </row>
  <row id="110" trl="Y">
    <value column="Name" original="Tax Setup">Configuração de Impostos</value>
    <value column="Description" original="Setup tax calculation">Configuração de Cálculo de Impostos</value>
    <value column="Help" original="Setup the tax calculation for products, services and charges">Configuração do cálculo de impostos para productos,servicios e custos.</value>
  </row>
  <row id="111" trl="Y">
    <value column="Name" original="Sales Setup">Configuração de Vendas</value>
    <value column="Description" original="Setup Sales">Configuração de Vendas</value>
    <value column="Help" original="Setting up Sales Representatives, Commissions as well as Marketing Channels and Campaigns.">Configuração Representantes do Ventas,Comisiones assim como Canais de Marketing e Campanhas</value>
  </row>
  <row id="112" trl="Y">
    <value column="Name" original="Performance Measurement Setup">Configuração do Realizaciónde Medidas</value>
    <value column="Description" original="Setup your Performance Measurement">Configura sua Realização de Medidas</value>
    <value column="Help" original="This workflow guides you through setting up your performance measurement based on Key Performance Indicators, Balanced Scorecard, etc.||Most important: Do your analysis first!|- What are your goals and how do you measure it?||When you are setting up the system, you do it in reverse:|First you define how you measure it and last you define the goals for the measurements.|You have three ways measuring performance:|- via quantifiable measures (e.g. sales of $3 million in Q1)|- via manual measures|- via achievements (tasks)||The system converts the measures into percentages (based on the target and achieved measure - or number of total and reached achievements)">###############################################################################################################################################################################################################################################################</value>
  </row>
  <row id="113" trl="Y">
    <value column="Name" original="Request Setup">Configuração de Pedidos</value>
    <value column="Description" original="Set up the client to process requests">Configuração do cliente para que processe pedidos</value>
    <value column="Help" original=""></value>
  </row>
  <row id="800000" trl="Y">
    <value column="Name" original="Production Setup">Configuração de produção</value>
    <value column="Description" original="Set up Production module.">Define os passos para a configuração do módulo de produção.</value>
    <value column="Help" original="Set up Production module.">Define os passos para a configuração do módulo de produção.</value>
  </row>
</compiereTrl>
