<?xml version="1.0" encoding="UTF-8"?>
<compiereTrl language="pt_BR" table="C_GREETING">
  <row id="100000" trl="N">
    <value column="Name" original="Sr.">Sr.</value>
    <value column="Greeting" original="Senhor"></value>
  </row>
  <row id="100001" trl="N">
    <value column="Name" original="Sra.">Sra.</value>
    <value column="Greeting" original="Senhora"></value>
  </row>
  <row id="100002" trl="N">
    <value column="Name" original="Dr.">Dr.</value>
    <value column="Greeting" original="Dr."></value>
  </row>
  <row id="100003" trl="N">
    <value column="Name" original="Dra.">Dra.</value>
    <value column="Greeting" original="Doutora"></value>
  </row>
  <row id="100004" trl="N">
    <value column="Name" original="Ilmo">Ilmo</value>
    <value column="Greeting" original="Ilustrissimo"></value>
  </row>
  <row id="100005" trl="N">
    <value column="Name" original="Ilma">Ilma</value>
    <value column="Greeting" original="Ilustrissima"></value>
  </row>
</compiereTrl>
