<?xml version='1.0' encoding='UTF-8'?>
<data>
<!--FF8081812F6F9A3A012F6FA11CC30006--><AD_MESSAGE>
<!--FF8081812F6F9A3A012F6FA11CC30006-->  <AD_MESSAGE_ID><![CDATA[FF8081812F6F9A3A012F6FA11CC30006]]></AD_MESSAGE_ID>
<!--FF8081812F6F9A3A012F6FA11CC30006-->  <AD_CLIENT_ID><![CDATA[0]]></AD_CLIENT_ID>
<!--FF8081812F6F9A3A012F6FA11CC30006-->  <AD_ORG_ID><![CDATA[0]]></AD_ORG_ID>
<!--FF8081812F6F9A3A012F6FA11CC30006-->  <ISACTIVE><![CDATA[Y]]></ISACTIVE>
<!--FF8081812F6F9A3A012F6FA11CC30006-->  <VALUE><![CDATA[OBUIWS_NavbarTitle]]></VALUE>
<!--FF8081812F6F9A3A012F6FA11CC30006-->  <MSGTEXT><![CDATA[Click Me!]]></MSGTEXT>
<!--FF8081812F6F9A3A012F6FA11CC30006-->  <MSGTYPE><![CDATA[I]]></MSGTYPE>
<!--FF8081812F6F9A3A012F6FA11CC30006-->  <AD_MODULE_ID><![CDATA[FF8081812F6D5AF5012F6D5FA3750005]]></AD_MODULE_ID>
<!--FF8081812F6F9A3A012F6FA11CC30006--></AD_MESSAGE>

<!--FF8081812F6F9A3A012F6FA16AAA000A--><AD_MESSAGE>
<!--FF8081812F6F9A3A012F6FA16AAA000A-->  <AD_MESSAGE_ID><![CDATA[FF8081812F6F9A3A012F6FA16AAA000A]]></AD_MESSAGE_ID>
<!--FF8081812F6F9A3A012F6FA16AAA000A-->  <AD_CLIENT_ID><![CDATA[0]]></AD_CLIENT_ID>
<!--FF8081812F6F9A3A012F6FA16AAA000A-->  <AD_ORG_ID><![CDATA[0]]></AD_ORG_ID>
<!--FF8081812F6F9A3A012F6FA16AAA000A-->  <ISACTIVE><![CDATA[Y]]></ISACTIVE>
<!--FF8081812F6F9A3A012F6FA16AAA000A-->  <VALUE><![CDATA[OBUIWS_ViewTitle]]></VALUE>
<!--FF8081812F6F9A3A012F6FA16AAA000A-->  <MSGTEXT><![CDATA[My Great View]]></MSGTEXT>
<!--FF8081812F6F9A3A012F6FA16AAA000A-->  <MSGTYPE><![CDATA[I]]></MSGTYPE>
<!--FF8081812F6F9A3A012F6FA16AAA000A-->  <AD_MODULE_ID><![CDATA[FF8081812F6D5AF5012F6D5FA3750005]]></AD_MODULE_ID>
<!--FF8081812F6F9A3A012F6FA16AAA000A--></AD_MESSAGE>

</data>
