<?xml version='1.0' encoding='UTF-8'?>
<data>
<!--FF8081812F6D5AF5012F6D605F8B0012--><AD_MODULE_DBPREFIX>
<!--FF8081812F6D5AF5012F6D605F8B0012-->  <AD_MODULE_DBPREFIX_ID><![CDATA[FF8081812F6D5AF5012F6D605F8B0012]]></AD_MODULE_DBPREFIX_ID>
<!--FF8081812F6D5AF5012F6D605F8B0012-->  <AD_CLIENT_ID><![CDATA[0]]></AD_CLIENT_ID>
<!--FF8081812F6D5AF5012F6D605F8B0012-->  <AD_ORG_ID><![CDATA[0]]></AD_ORG_ID>
<!--FF8081812F6D5AF5012F6D605F8B0012-->  <ISACTIVE><![CDATA[Y]]></ISACTIVE>
<!--FF8081812F6D5AF5012F6D605F8B0012-->  <AD_MODULE_ID><![CDATA[FF8081812F6D5AF5012F6D5FA3750005]]></AD_MODULE_ID>
<!--FF8081812F6D5AF5012F6D605F8B0012-->  <NAME><![CDATA[OBUIWS]]></NAME>
<!--FF8081812F6D5AF5012F6D605F8B0012--></AD_MODULE_DBPREFIX>

</data>
