<?xml version='1.0' encoding='UTF-8'?>
<data>
<!--FF8081812F6D5AF5012F6D5FA3750005--><AD_MODULE>
<!--FF8081812F6D5AF5012F6D5FA3750005-->  <AD_MODULE_ID><![CDATA[FF8081812F6D5AF5012F6D5FA3750005]]></AD_MODULE_ID>
<!--FF8081812F6D5AF5012F6D5FA3750005-->  <AD_CLIENT_ID><![CDATA[0]]></AD_CLIENT_ID>
<!--FF8081812F6D5AF5012F6D5FA3750005-->  <AD_ORG_ID><![CDATA[0]]></AD_ORG_ID>
<!--FF8081812F6D5AF5012F6D5FA3750005-->  <ISACTIVE><![CDATA[Y]]></ISACTIVE>
<!--FF8081812F6D5AF5012F6D5FA3750005-->  <NAME><![CDATA[UI Workshop]]></NAME>
<!--FF8081812F6D5AF5012F6D5FA3750005-->  <VERSION><![CDATA[0.1.0]]></VERSION>
<!--FF8081812F6D5AF5012F6D5FA3750005-->  <DESCRIPTION><![CDATA[Contains example code for the UI workshop]]></DESCRIPTION>
<!--FF8081812F6D5AF5012F6D5FA3750005-->  <HELP><![CDATA[Contains example code for the UI workshop]]></HELP>
<!--FF8081812F6D5AF5012F6D5FA3750005-->  <TYPE><![CDATA[M]]></TYPE>
<!--FF8081812F6D5AF5012F6D5FA3750005-->  <LICENSE><![CDATA[Licensed under the Openbravo Public License version 1.1.
You may obtain a copy of the License at http://www.openbravo.com/legal/license.html or in the legal folder of the Openbravo ERP core distribution.]]></LICENSE>
<!--FF8081812F6D5AF5012F6D5FA3750005-->  <JAVAPACKAGE><![CDATA[org.openbravo.ui.workshop]]></JAVAPACKAGE>
<!--FF8081812F6D5AF5012F6D5FA3750005-->  <LICENSETYPE><![CDATA[OBPL]]></LICENSETYPE>
<!--FF8081812F6D5AF5012F6D5FA3750005-->  <AUTHOR><![CDATA[Openbravo S.L.U.]]></AUTHOR>
<!--FF8081812F6D5AF5012F6D5FA3750005-->  <ISTRANSLATIONREQUIRED><![CDATA[N]]></ISTRANSLATIONREQUIRED>
<!--FF8081812F6D5AF5012F6D5FA3750005-->  <AD_LANGUAGE><![CDATA[en_US]]></AD_LANGUAGE>
<!--FF8081812F6D5AF5012F6D5FA3750005-->  <HASCHARTOFACCOUNTS><![CDATA[N]]></HASCHARTOFACCOUNTS>
<!--FF8081812F6D5AF5012F6D5FA3750005-->  <ISTRANSLATIONMODULE><![CDATA[N]]></ISTRANSLATIONMODULE>
<!--FF8081812F6D5AF5012F6D5FA3750005-->  <HASREFERENCEDATA><![CDATA[N]]></HASREFERENCEDATA>
<!--FF8081812F6D5AF5012F6D5FA3750005-->  <VERSION_LABEL><![CDATA[Workshop]]></VERSION_LABEL>
<!--FF8081812F6D5AF5012F6D5FA3750005-->  <ISCOMMERCIAL><![CDATA[N]]></ISCOMMERCIAL>
<!--FF8081812F6D5AF5012F6D5FA3750005--></AD_MODULE>

</data>
