<?xml version='1.0' encoding='UTF-8'?>
<data>
<!--FF8081812F6F6565012F6F8F6F4C0008--><AD_MODULE_DEPENDENCY>
<!--FF8081812F6F6565012F6F8F6F4C0008-->  <AD_MODULE_DEPENDENCY_ID><![CDATA[FF8081812F6F6565012F6F8F6F4C0008]]></AD_MODULE_DEPENDENCY_ID>
<!--FF8081812F6F6565012F6F8F6F4C0008-->  <AD_CLIENT_ID><![CDATA[0]]></AD_CLIENT_ID>
<!--FF8081812F6F6565012F6F8F6F4C0008-->  <AD_ORG_ID><![CDATA[0]]></AD_ORG_ID>
<!--FF8081812F6F6565012F6F8F6F4C0008-->  <ISACTIVE><![CDATA[Y]]></ISACTIVE>
<!--FF8081812F6F6565012F6F8F6F4C0008-->  <AD_MODULE_ID><![CDATA[FF8081812F6D5AF5012F6D5FA3750005]]></AD_MODULE_ID>
<!--FF8081812F6F6565012F6F8F6F4C0008-->  <AD_DEPENDENT_MODULE_ID><![CDATA[4B828F4D03264080AA1D2057B13F613C]]></AD_DEPENDENT_MODULE_ID>
<!--FF8081812F6F6565012F6F8F6F4C0008-->  <STARTVERSION><![CDATA[2.1.11586]]></STARTVERSION>
<!--FF8081812F6F6565012F6F8F6F4C0008-->  <ISINCLUDED><![CDATA[N]]></ISINCLUDED>
<!--FF8081812F6F6565012F6F8F6F4C0008-->  <DEPENDANT_MODULE_NAME><![CDATA[User Interface Client Kernel]]></DEPENDANT_MODULE_NAME>
<!--FF8081812F6F6565012F6F8F6F4C0008-->  <DEPENDENCY_ENFORCEMENT><![CDATA[MAJOR]]></DEPENDENCY_ENFORCEMENT>
<!--FF8081812F6F6565012F6F8F6F4C0008-->  <USER_EDITABLE_ENFORCEMENT><![CDATA[N]]></USER_EDITABLE_ENFORCEMENT>
<!--FF8081812F6F6565012F6F8F6F4C0008--></AD_MODULE_DEPENDENCY>

</data>
