<?xml version='1.0' encoding='UTF-8'?>
<data>
<!--FF8081812F6D5AF5012F6D603BED000D--><AD_PACKAGE>
<!--FF8081812F6D5AF5012F6D603BED000D-->  <AD_PACKAGE_ID><![CDATA[FF8081812F6D5AF5012F6D603BED000D]]></AD_PACKAGE_ID>
<!--FF8081812F6D5AF5012F6D603BED000D-->  <AD_CLIENT_ID><![CDATA[0]]></AD_CLIENT_ID>
<!--FF8081812F6D5AF5012F6D603BED000D-->  <AD_ORG_ID><![CDATA[0]]></AD_ORG_ID>
<!--FF8081812F6D5AF5012F6D603BED000D-->  <NAME><![CDATA[org.openbravo.ui.workshop]]></NAME>
<!--FF8081812F6D5AF5012F6D603BED000D-->  <DESCRIPTION><![CDATA[org.openbravo.ui.workshop]]></DESCRIPTION>
<!--FF8081812F6D5AF5012F6D603BED000D-->  <JAVAPACKAGE><![CDATA[org.openbravo.ui.workshop]]></JAVAPACKAGE>
<!--FF8081812F6D5AF5012F6D603BED000D-->  <AD_MODULE_ID><![CDATA[FF8081812F6D5AF5012F6D5FA3750005]]></AD_MODULE_ID>
<!--FF8081812F6D5AF5012F6D603BED000D-->  <ISACTIVE><![CDATA[Y]]></ISACTIVE>
<!--FF8081812F6D5AF5012F6D603BED000D--></AD_PACKAGE>

</data>
