<?xml version='1.0' encoding='UTF-8'?>
<data>
<!--FF8081812F6D74AC012F6D792FF70007--><OBUIAPP_NAVBAR_COMPONENT>
<!--FF8081812F6D74AC012F6D792FF70007-->  <OBUIAPP_NAVBAR_COMPONENT_ID><![CDATA[FF8081812F6D74AC012F6D792FF70007]]></OBUIAPP_NAVBAR_COMPONENT_ID>
<!--FF8081812F6D74AC012F6D792FF70007-->  <AD_CLIENT_ID><![CDATA[0]]></AD_CLIENT_ID>
<!--FF8081812F6D74AC012F6D792FF70007-->  <AD_ORG_ID><![CDATA[0]]></AD_ORG_ID>
<!--FF8081812F6D74AC012F6D792FF70007-->  <AD_MODULE_ID><![CDATA[FF8081812F6D5AF5012F6D5FA3750005]]></AD_MODULE_ID>
<!--FF8081812F6D74AC012F6D792FF70007-->  <NAME><![CDATA[Navbar Example]]></NAME>
<!--FF8081812F6D74AC012F6D792FF70007-->  <DESCRIPTION><![CDATA[NavBarExample]]></DESCRIPTION>
<!--FF8081812F6D74AC012F6D792FF70007-->  <CLASSNAME><![CDATA[org.openbravo.ui.workshop.UIWorkShopNavbarComponent]]></CLASSNAME>
<!--FF8081812F6D74AC012F6D792FF70007-->  <ALLROLES><![CDATA[Y]]></ALLROLES>
<!--FF8081812F6D74AC012F6D792FF70007-->  <SORTNO><![CDATA[0]]></SORTNO>
<!--FF8081812F6D74AC012F6D792FF70007-->  <ISACTIVE><![CDATA[Y]]></ISACTIVE>
<!--FF8081812F6D74AC012F6D792FF70007--></OBUIAPP_NAVBAR_COMPONENT>

</data>
