[Account_Value],[Account_Name],[Account_Description],[Account_Type],[Account_Sign],[Account_Document],[Account_Summary],[Default_Account],[Account_Parent]
1,Assets,,Asset,,,Yes,,
11,Current Assets,,Asset,,,Yes,,1
111,Cash,,Asset,,,Yes,,11
11110,Checking Account,Bank Asset,Asset,,Yes,No,B_ASSET_ACCT,111
11111,Checking In-Transfer,Bank transactions in transit,Asset,,Yes,No,B_INTRANSIT_ACCT,111
11112,Checking Unidentified Receipts,Receipts from unidentified customer,Asset,,Yes,No,B_UNIDENTIFIED_ACCT,111
11113,Checking Unallocated Receipts,"Received, unallocated payments",Asset,,Yes,No,B_UNALLOCATEDCASH_ACCT,111
11120,Checking Account 2,,Asset,,,No,,111
11130,Savings Account,,Asset,,,No,,111
11140,Cash in Registers,,Asset,,,No,,111
11150,Petty Cash,Cash Book Asset,Asset,,Yes,No,CB_ASSET_ACCT,111
11151,Petty Cash In-Transfer,Cash Book Transfer,Asset,,Yes,No,CB_CASHTRANSFER_ACCT,111
112,Accounts Receivable,,Asset,,,Yes,,11
1121,Accounts Receivable - Trade,,Asset,,,Yes,,112
11211,Accounts Receivable - Trade,Accounts Receivables,Asset,,Yes,No,C_RECEIVABLE_ACCT,1121
11212,Accounts Receivable Services - Trade,Accounts Receivables for Services,Asset,,Yes,No,,1121
11213,A/R Non Sufficient Funds Returned Checks,,Asset,,,No,,1121
11214,A/R Trade Allowance for Bad Debit,,Asset,,,No,,1121
11216,Not invoiced receivables,We delivered but have not invoiced yet,Asset,,Yes,No,NOTINVOICEDRECEIVABLES_ACCT,1121
1122,A/R - Credit Cards,,Asset,,,Yes,,112
11221,In Transit A/R Credit Card,,Asset,,,No,,1122
11222,In Transit A/R Master Card,,Asset,,,No,,1122
11223,In Transit A/R Visa,,Asset,,,No,,1122
11224,In Transit A/R ATM Cards,,Asset,,,No,,1122
11225,A/R Credit Cards Allowance for Bad Debit,,Asset,,,No,,1122
11230,Vendor Allowances Receivable,,Asset,,,No,,112
1124,Loans Receivable,,Asset,,,Yes,,112
11241,Loans Receivable Employees,,Asset,,,No,,1124
11242,Loans Receivable Owners/Shareholders,,Asset,,,No,,1124
11244,Loans Receivable Others,,Asset,,,No,,1124
11290,A/R Miscellaneous,,Asset,,,No,,112
114,Inventory,,Asset,,,Yes,,11
11410,General Trade Inventory,Inventory Account,Asset,,Yes,No,W_INVENTORY_ACCT,114
11420,Product asset,Product Inventory Account,Asset,,Yes,No,P_ASSET_ACCT,114
1147,Project Assets,,Asset,,,Yes,,114
11471,Project asset,Created Asset,Asset,,Yes,No,PJ_ASSET_ACCT,1147
11472,Project WIP,Asset Work in Progress,Asset,,Yes,No,PJ_WIP_ACCT,1147
115,"Prepaid Expenses, Deposits & Other Current Assets",,Asset,,,Yes,,11
1151,Prepayments,,Asset,,,Yes,,115
11511,Vendor prepayment,Prepayments for future expense,Asset,,Yes,No,V_PREPAYMENT_ACCT,1151
11512,Employee Expense Prepayment,Expense advances,Asset,,Yes,No,E_PREPAYMENT_ACCT,1151
1152,Prepaid Expenses,,Asset,,,Yes,,115
11521,Prepaid Insurance,,Asset,,,No,,1152
11522,Prepaid Rent,,Asset,,,No,,1152
11523,Prepaid Interest,,Asset,,,No,,1152
11529,Prepaid Others,,Asset,,,No,,1152
1153,Deposits,,Asset,,,Yes,,115
11531,Deposit Rent,,Asset,,,No,,1153
11532,Deposit Utilities,,Asset,,,No,,1153
11539,Deposit Others,,Asset,,,No,,1153
1159,Other Current Assets,,Asset,,,Yes,,115
11591,Other Current Assets,,Asset,,,No,,1159
118,Intercompany,,Asset,,,Yes,,11
11810,Intercompany Due From,Default Receivables account for intercompany trx,Asset,,Yes,No,INTERCOMPANYDUEFROM_ACCT,118
11820,Intercompany Due To,Default Payables account for intercompany trx,Asset,,Yes,No,INTERCOMPANYDUETO_ACCT,118
119,Investments,,Asset,,,Yes,,11
11910,Term Deposit,,Asset,,,No,,119
11920,Other Investments,,Asset,,,No,,119
15,Fixed Assets,,Asset,,,Yes,,1
151,Receivable Non Current,,Asset,,,Yes,,15
15110,Receivable Non Current,,Asset,,,No,,151
152,Inventory Non Current,,Asset,,,Yes,,15
15210,Inventory Non Current,,Asset,,,No,,152
153,Land and Building,,Asset,,,Yes,,15
15310,Land,,Asset,,,No,,153
15315,Land - Accumulated Depreciation,,Asset,,,No,,153
15320,Building,,Asset,,,No,,153
15325,Building - Accumulated Depreciation,,Asset,,,No,,153
15330,Land Improvements,,Asset,,,No,,153
15335,Land Improvement - Accumulated Depreciation,,Asset,,,No,,153
15340,Building Improvements,,Asset,,,No,,153
15345,Building Improvement - Accumulated Depreciation,,Asset,,,No,,153
15350,Leasehold Improvements,,Asset,,,No,,153
15355,Leasehold Improvement - Accumulated Depreciation,,Asset,,,No,,153
154,Furniture & Fixtures,,Asset,,,Yes,,15
15410,Furniture,,Asset,,,No,,154
15415,Furniture Accumulated Depreciation,,Asset,,,No,,154
15420,Fixtures & Fittings,,Asset,,,No,,154
15425,Fixtures & Fittings Accumulated Depreciation,,Asset,,,No,,154
155,Plant & Equipment,,Asset,,,Yes,,15
15510,Plant,,Asset,,,No,,155
15515,Plant Accumulated Depreciation,,Asset,,,No,,155
15520,Equipment,,Asset,,,No,,155
15525,Equipment Accumulated Depreciation,,Asset,,,No,,155
156,Vehicles,,Asset,,,Yes,,15
15610,Vehicles,,Asset,,,No,,156
15615,Vehicles Accumulated Depreciation,,Asset,,,No,,156
157,Computer & Communications,,Asset,,,Yes,,15
15710,Communication Equipment,,Asset,,,No,,157
15715,Communication Equipment Accumulated Depreciation,,Asset,,,No,,157
15720,Computer Hardware,,Asset,,,No,,157
15725,Computer Hardware Accumulated Depreciation,,Asset,,,No,,157
15730,Computer Software,,Asset,,,No,,157
15735,Computer Software Accumulated Depreciation,,Asset,,,No,,157
159,Misc Fixed Assets,,Asset,,,Yes,,15
15910,Misc Assets,,Asset,,,No,,159
15915,Misc Accumulated Depreciation,,Asset,,,No,A_ACCUMDEPRECIATION_ACCT,159
19,Other Assets,,Asset,,,Yes,,1
191,Intangible Assets,,Asset,,,Yes,,19
19110,Amortizable Assets,,Asset,,,No,,191
19120,Goodwill,,Asset,,,No,,191
19130,Customer Lists,,Asset,,,No,,191
19140,Other Intangible Assets,,Asset,,,No,,191
19150,Accumulated Amorization,,Asset,,,No,,191
19200,Cash Surrender Value of Life Insurance,,Asset,,,No,,19
19900,Other Assets,,Asset,,,No,,19
2,Liabilities,,Liability,,,Yes,,
21,Current Liabilities,,Liability,,,Yes,,2
211,Accounts Payables,,Liability,,,Yes,,21
2111,Accounts Payables Trade,,Liability,,,Yes,,211
21111,Accounts Payable Trade,Accounts Payables,Liability,,Yes,No,V_LIABILITY_ACCT,2111
21112,Not invoiced receipts,"Received products/services from vendors, but not invoiced",Liability,,Yes,No,NOTINVOICEDRECEIPTS_ACCT,2111
21120,Accounts Payable Services,Accounts Payables for non-product revenue,Liability,,Yes,No,V_LIABILITY_SERVICES_ACCT,211
21130,Payment selection,Selected A/P invoices for payment ,Liability,,Yes,No,B_PAYMENTSELECT_ACCT,211
2115,Customer Payables,,Liability,,,Yes,,211
21151,Customer Prepayments,Prepayments for future revenue,Liability,,Yes,No,C_PREPAYMENT_ACCT,2115
21152,Merchandise Credits Unredeemed,,Liability,,,No,,2115
21153,Gift Certificated Unredeemed,,Liability,,,No,,2115
21154,Special Order Deposits,,Liability,,,No,,2115
21155,Mail Order Deposits,,Liability,,,No,,2115
212,Tax Payables,,Liability,,,Yes,,21
21210,GST on Sales,GST Collected on sales,Liability,,Yes,No,T_DUE_ACCT,212
21215,Tax liability [Do not use],Tax to be paid based on tax declaration,Liability,,Yes,No,T_LIABILITY_ACCT,212
21220,GST on Purchases,GST paid on purchases,Liability,,Yes,No,T_CREDIT_ACCT,212
21225,Tax receivables [Do Not Use],Tax to receive based on tax declaration,Liability,,Yes,No,T_RECEIVABLES_ACCT,212
21230,Withholding (Tax),Withholding for 1099 or Quality Guarantee,Liability,,Yes,No,WITHHOLDING_ACCT,212
21240,FBT Liabilities,,Liability,,,No,,212
21250,PAYG Withholdings,,Liability,,,No,,212
21260,Accrued Payroll Taxes,,Liability,,,No,,212
21290,Withholding (Other),,Liability,,,No,,212
213,Employee Liabilities,,Liability,,,Yes,,21
21310,Payroll Accrual,,Liability,,,No,,213
21320,Accrued Annual Leave,,Liability,,,No,,213
21330,Accrued Superannuation,,Liability,,,No,,213
216,Accrued Expenses,,Liability,,,Yes,,21
21610,Accrued Commissions,,Liability,,,No,,216
21690,Accrued Expenses Others,,Liability,,,No,,216
217,Other Liabilites,,Liability,,,Yes,,21
21710,Short Term Obligation,,Liability,,,No,,217
21720,Deposits Received,,Liability,,,No,,217
21730,Current Portion of Long Term Debt,,Liability,,,No,,217
218,Income Tax,,Liability,,,Yes,,21
21810,Income Tax Payable,,Liability,,,No,,218
219,Provisions,,Liability,,,Yes,,21
21910,Provisions,,Liability,,,No,,219
24,Long Term Liabilities,,Liability,,,Yes,,2
241,Interest Bearing Liabilities,,Liability,,,Yes,,24
24110,Non Current Portion of Long Term Debt,,Liability,,,No,,241
24120,Interest Bearing Liabilities Non Current,,Liability,,,No,,241
242,Deferred Tax Liabilities,,Liability,,,Yes,,24
24210,Deferred Tax Liabilities Non Current,,Liability,,,No,,242
244,Loans,,Liability,,,Yes,,24
24410,Mortgage,,Liability,,,No,,244
24420,Loan from Owner/Stockholder,,Liability,,,No,,244
248,Provisions NC,,Liability,,,Yes,,24
24810,Provisions Non Current,,Liability,,,No,,248
24900,Other Long Term Obligation,,Liability,,,No,,24
3,Owner's Equity/Net Worth,,Owner's Equity,,,Yes,,
31,Capital,,Owner's Equity,,,Yes,,3
31100,Capital/Common Stock,,Owner's Equity,,,No,,31
31110,Capital in excess of Par on Common Stock,,Owner's Equity,,,No,,31
31200,Preferred Stock,,Owner's Equity,,,No,,31
31210,Capital in excess of Par on Preferred Stock,,Owner's Equity,,,No,,31
32,Reserves,,Owner's Equity,,,Yes,,3
32100,Reserves,,Owner's Equity,,,No,,32
33,Earnings,,Owner's Equity,,,Yes,,3
33100,Dividends,,Owner's Equity,,,No,,33
33200,Drawings,,Owner's Equity,,,No,,33
33300,Retained Earnings,Year end processing to balance account (Income Summary),Owner's Equity,,Yes,No,RETAINEDEARNING_ACCT,33
4,Sales,,Revenue,,,Yes,,
41000,Trade Revenue,Default Product or Service revenue,Revenue,,Yes,No,P_REVENUE_ACCT,4
42000,Services Revenue,,Revenue,,,No,,4
43000,Sideline Revenue,,Revenue,,,No,,4
45000,Royalties Revenue,,Revenue,,,No,,4
46000,Unearned revenue,"We have invoiced, but not delivered yet",Revenue,,Yes,No,UNEARNEDREVENUE_ACCT,4
47000,Not invoiced revenue,We delivered but have not invoiced yet,Revenue,,Yes,No,NOTINVOICEDREVENUE_ACCT,4
48,Sales Discounts,,Revenue,,,Yes,,4
48100,Trade Discounts,Granted Trade discounts (corrects Product Revenue),Revenue,,Yes,No,P_TRADEDISCOUNTGRANT_ACCT,48
48200,Payment discount expense,Granted early payment discount to customers,Revenue,,Yes,No,PAYDISCOUNT_EXP_ACCT,48
48300,Promotion Discounts,,Revenue,,,No,,48
5,Cost of Goods Sold,,Expense,,,Yes,,
51100,Product CoGs,Cost of Goods Sold,Expense,,Yes,No,P_COGS_ACCT,5
51200,Product Expense,Default Service costs (I.e. not on inventory),Expense,,Yes,No,P_EXPENSE_ACCT,5
51210,Product Cost Adjustment,Product Cost Adjustments,Expense,,Yes,No,,5
51290,Product Inventory Clearing,Default Product costs (I.e. on inventory),Expense,,Yes,No,,5
52000,Services Purchases,,Expense,,,No,,5
53000,Sideline Purchases,,Expense,,,No,,5
54,Freight Inbound,,Expense,,,Yes,,5
54000,Import duties and Charges,,Expense,,,No,,54
54100,Duty Recovery,,Expense,,,No,,54
54200,Shipping Charges,,Expense,,,No,,54
54300,Shipping Wharf Haulage,,Expense,,,No,,54
54400,Shipping Air Freight,,Expense,,,No,,54
54500,Shipping Recovery,,Expense,,,No,,54
54600,Shipping Insurance,,Expense,,,No,,54
54700,Customs Clearance,,Expense,,,No,,54
55,Returns,,Expense,,,Yes,,5
55100,Returns Expense,,Expense,,,No,,55
55200,Returns to Vendors,,Expense,,,No,,55
56,Inventory CoGs,,Expense,,,Yes,,5
56100,Inventory Shrinkage,Physical Inventory Gain/Loss,Expense,,Yes,No,W_DIFFERENCES_ACCT,56
56200,Inventory Write Down Below Cost,,Expense,,,No,,56
56300,Inventory Adjustment,Inventory Actual Accounting Value Adjustment,Expense,,Yes,No,W_INVACTUALADJUST_ACCT,56
56400,Inventory Revaluation,Difference to (lower cost) or market,Expense,,Yes,No,W_REVALUATION_ACCT,56
57000,Direct Labor,,Expense,,,No,,5
58,CoGS Variances,,Expense,,,Yes,,5
58100,Invoice price variance,Difference between product cost and invoice price (IPV),Expense,,Yes,No,P_INVOICEPRICEVARIANCE_ACCT,58
58200,Purchase price variance,Difference between purchase price and standard costs (PPV),Expense,,Yes,No,P_PURCHASEPRICEVARIANCE_ACCT,58
58300,Purchase price variance Offset,Offset Account for Purchase price variance (PPV) ,Expense,,Yes,No,PPVOFFSET_ACCT,58
59,CoGs Discounts,,Expense,,,Yes,,5
59100,Trade discounts received,Received Trade Discounts (corrects Product expense),Expense,,Yes,No,P_TRADEDISCOUNTREC_ACCT,59
59200,Payment discount revenue,Granted early payment discount from vendors,Expense,,Yes,No,PAYDISCOUNT_REV_ACCT,59
6,Expenses,,Expense,,,Yes,,
601,Payroll Expenses,,Expense,,,Yes,,6
60110,Salaries & Wages,,Expense,,,No,,601
60115,PAYG,,Expense,,,No,,601
60120,Contract Staff,,Expense,,,No,,601
60130,Annual Leave Pay,,Expense,,,No,,601
60140,Sick Pay,,Expense,,,No,,601
60150,Superannuation,,Expense,,,No,,601
60160,Fringe Benefits Tax,,Expense,,,No,,601
60170,Workers Compensation Insurance,,Expense,,,No,,601
60190,Other Benefit Expense,,Expense,,,No,,601
60199,Payroll Processing Expense,,Expense,,,No,,601
602,Occupancy Cost,,Expense,,,Yes,,6
60210,Rent Expense,,Expense,,,No,,602
60220,Utilities,,Expense,,,No,,602
60230,Security,,Expense,,,No,,602
60240,Staff Amenities,,Expense,,,No,,602
60290,Other Occupancy Costs,,Expense,,,No,,602
60295,Land Taxes,,Expense,,,No,,602
603,Advertising & Promotion,,Expense,,,Yes,,6
60310,Media Advertising,,Expense,,,No,,603
60320,"Catalog, Newsletter",,Expense,,,No,,603
60330,Events,,Expense,,,No,,603
60340,Joint Advertising,,Expense,,,No,,603
60350,Web Hosting,,Expense,,,No,,603
60360,Vendor Advertising Allowances,,Expense,,,No,,603
60390,Other Advertising & Promotion,,Expense,,,No,,603
604,Telephone and Communications,,Expense,,,Yes,,6
60410,Telephone,,Expense,,,No,,604
60420,Mobile Telephone,,Expense,,,No,,604
60430,Internet,,Expense,,,No,,604
605,Professional Services,,Expense,,,Yes,,6
60510,Legal Fees,,Expense,,,No,,605
60520,Accounting Fees,,Expense,,,No,,605
60530,Inventory Verification Fees,,Expense,,,No,,605
60590,Other Consulting Fees,,Expense,,,No,,605
606,Stationary & Supplies,,Expense,,,Yes,,6
60610,Stationary & Supplies - Office Use,,Expense,,,No,,606
60650,Cleaning & Cleaning Supplies,,Expense,,,No,,606
607,Computer Costs,,Expense,,,Yes,,6
60710,Hardware,,Expense,,,No,,607
60720,Software,,Expense,,,No,,607
60730,Computing Supplies,,Expense,,,No,,607
60740,Computing Rental,,Expense,,,No,,607
60750,Outside Computer Services,,Expense,,,No,,607
60790,Computers - Other Expense,,Expense,,,No,,607
608,Business Travel,,Expense,,,Yes,,6
60810,Business Travel - Plane/Train/Taxi,,Expense,,,No,,608
60820,Business Travel - Auto Reimbursement,,Expense,,,No,,608
60830,Business Travel - Hotel,,Expense,,,No,,608
60890,Business Travel - Other Expense,,Expense,,,No,,608
609,Business Entertainment,,Expense,,,Yes,,6
60910,Business Meals & Entertainment (Deductable),,Expense,,,No,,609
60920,Business Meals & Entertainment (Non Deductable),,Expense,,,No,,609
60930,Client Meals & Entertainment (Deductable),,Expense,,,No,,609
60940,Client Meals & Entertainment (Non Deductable),,Expense,,,No,,609
60950,Entertainment Staff - FBT Expense,,Expense,,,No,,609
60960,Employee expense,Default employee expenses,Expense,,Yes,No,E_EXPENSE_ACCT,609
60990,Business Entertainment -   Other Expense,,Expense,,,No,,609
610,Insurance,,Expense,,,Yes,,6
61010,Business Loss Insurance,,Expense,,,No,,610
61020,Public Liability Insurance,,Expense,,,No,,610
61030,Real Estate Insurance,,Expense,,,No,,610
61040,Vehicle Insurance,,Expense,,,No,,610
61090,Other Insurance,,Expense,,,No,,610
611,Payment Processor Costs,,Expense,,,Yes,,6
61110,Credit Card Service Charges,,Expense,,,No,,611
61120,Bank Service Charges,Bank expenses,Expense,,Yes,No,B_EXPENSE_ACCT,611
61190,Other Payment Service Charges,,Expense,,,No,,611
612,Dues & Subscription,,Expense,,,Yes,,6
61210,Association Membership Fees,,Expense,,,No,,612
61220,Subscription Fees,,Expense,,,No,,612
613,Office Expense,,Expense,,,Yes,,6
61390,Office Expense,,Expense,,,No,,613
614,Posting & Shipping,,Expense,,,Yes,,6
61410,Postage Expense,,Expense,,,No,,614
61420,Customer Package Expense,,Expense,,,No,,614
61430,Customer Postage Fees Received,,Expense,,,No,,614
61440,Shipping Expenses,,Expense,,,No,,614
615,Taxes and Licenses,,Expense,,,Yes,,6
61510,Tax expense [Do Not Use],Sales Tax paid to Vendors,Expense,,Yes,No,T_EXPENSE_ACCT,615
61520,Inventory & Use Taxes,,Expense,,,No,,615
61530,Real Estate Taxes,,Expense,,,No,,615
61540,Business Licenses & Fees,,Expense,,,No,,615
61590,Licenses & Fees - Other,,Expense,,,No,,615
616,Education,,Expense,,,Yes,,6
61610,Education Course Fees,,Expense,,,No,,616
61620,Education Travel,,Expense,,,No,,616
61630,Education Meals & Entertainment (50%),,Expense,,,No,,616
61690,Education Other,,Expense,,,No,,616
617,Equipment Rent,,Expense,,,Yes,,6
61710,Office Equipment Rent,,Expense,,,No,,617
61720,Store Equipment Rent,,Expense,,,No,,617
61790,Equipment Rent Other,,Expense,,,No,,617
618,Repairs & Maintenance,,Expense,,,Yes,,6
61810,Building Repairs & Maintenence,,Expense,,,No,,618
61820,"Furniture, Equipment Repairs & Maintenence",,Expense,,,No,,618
61830,Data Processing Repairs & Maintenence,,Expense,,,No,,618
61840,Software Maintenence,,Expense,,,No,,618
61850,Vehicle Repairs & Maintenence,,Expense,,,No,,618
61890,Repairs & Maintenance Other,,Expense,,,No,,618
67,Depreciation Expense,,Expense,,,Yes,,6
67100,Misc Depreciation,,Expense,,,No,A_DEPRECIATION_ACCT,67
67310,Land Depreciation,,Expense,,,No,,67
67320,Building Depreciation,,Expense,,,No,,67
67330,Land Improvement Depreciation,,Expense,,,No,,67
67340,Building Improvement Depreciation,,Expense,,,No,,67
67350,Leasehold Improvement Depreciation,,Expense,,,No,,67
67410,Furniture Depreciation,,Expense,,,No,,67
67420,Fixtures & Fittings Depreciation,,Expense,,,No,,67
67510,Plant Depreciation,,Expense,,,No,,67
67520,Equipment Depreciation,,Expense,,,No,,67
67610,Vehicles Depreciation,,Expense,,,No,,67
67710,Communication Equipment Depreciation,,Expense,,,No,,67
67720,Computer HArdware Equipment Depreciation,,Expense,,,No,,67
67730,Software Depreciation,,Expense,,,No,,67
69,Other Operating Expenses,,Expense,,,Yes,,6
69100,Bad Debts Write-off,Receivables write-off - bad debt,Expense,,Yes,No,WRITEOFF_ACCT,69
69200,Collection Expense,,Expense,,,No,,69
69300,Petty Cash Over/Short,Petty Cash Differences,Expense,,Yes,No,CB_DIFFERENCES_ACCT,69
69400,Recruitment Costs,,Expense,,,No,,69
69500,Vehicle Expense,,Expense,,,No,,69
69600,Amortization Expense,,Expense,,,No,,69
69700,Penalties,,Expense,,,No,,69
69800,Franchise Fee / Royalty Fees,,Expense,,,No,,69
69900,Miscellaneous Expense,,Expense,,,No,,69
79,Default/Suspense Accounts,Temporary accounts - balance should be zero,Expense,,,Yes,,6
79100,Default account,Default Account (if no other account is defined) V1.1,Expense,,Yes,No,DEFAULT_ACCT,79
79200,Suspense balancing ,Difference to make journal balance in source currency - needs to be solved,Expense,,Yes,No,SUSPENSEBALANCING_ACCT,79
79300,Suspense error,Import did not find account - needs to be solved,Expense,,Yes,No,SUSPENSEERROR_ACCT,79
79400,Cash book expense,Default other expense for petty cash transactions,Expense,,Yes,No,CB_EXPENSE_ACCT,79
79500,Cash book receipts,Default other revenue for petty cash transactions,Revenue,,Yes,No,CB_RECEIPT_ACCT,79
79600,Charge expense,Default other expense,Expense,,Yes,No,CH_EXPENSE_ACCT,79
79700,Charge revenue,Default other revenue,Revenue,,Yes,No,CH_REVENUE_ACCT,79
80,Other Income,,Revenue,,,Yes,,
80100,Interest Income,Bank interest revenue,Revenue,,Yes,No,B_INTERESTREV_ACCT,80
80200,Divident Income,,Revenue,,,No,,80
80300,Rental Income,,Revenue,,,No,,80
80400,Sales Tax Commission,,Revenue,,,No,,80
805,Currency Gain,,Revenue,,,Yes,,80
80510,Bank revaluation gain,Foreign currency bank account gain,Revenue,,Yes,No,B_REVALUATIONGAIN_ACCT,805
80520,Bank settlement gain,Difference between payment and bank account currency,Revenue,,Yes,No,B_SETTLEMENTGAIN_ACCT,805
80530,Unrealized gain,Difference between foreign currency receivables/payables and current rate,Revenue,,Yes,No,UNREALIZEDGAIN_ACCT,805
80540,Realized gain,Difference between invoice and payment currency,Revenue,,Yes,No,REALIZEDGAIN_ACCT,805
80700,Capital Gains Income,,Revenue,,,No,,80
80800,Fixed Asset Sale Gain,,Revenue,,,No,A_DISPOSAL_GAIN,80
80900,Other Income,,Revenue,,,No,,80
82,Other Expense,,Expense,,,Yes,,
82100,Interest Expense,Bank interest expense,Expense,,Yes,No,B_INTERESTEXP_ACCT,82
82200,Mortage Interest Expense,,Expense,,,No,,82
82300,Uninsured Casualty Loss,,Expense,,,No,,82
82400,Charitable Contributions,,Expense,,,No,,82
825,Currency Loss,,Expense,,,Yes,,82
82510,Bank revaluation loss,Foreign currency bank account loss,Expense,,Yes,No,B_REVALUATIONLOSS_ACCT,825
82520,Bank settlement loss,Difference between payment and bank account currency,Expense,,Yes,No,B_SETTLEMENTLOSS_ACCT,825
82530,Unrealized loss,Difference between foreign currency receivables/payables and current rate,Expense,,Yes,No,UNREALIZEDLOSS_ACCT,825
82540,Realized loss,Difference between invoice and payment currency,Expense,,Yes,No,REALIZEDLOSS_ACCT,825
82550,Currency balancing,Rounding difference to make journal balance in accounting currency,Expense,,Yes,No,CURRENCYBALANCING_ACCT,825
82700,Capital Gains Loss,,Expense,,,No,,82
82800,Fixed Asset Sale Loss,,Expense,,,No,A_DISPOSAL_LOSS,82
82900,Other Expense,,Expense,,,No,,82
89,Income Tax & Summary,,Expense,,,Yes,,
89100,Federal Income Tax,,Expense,,,No,,89
89200,State Income Tax,,Expense,,,No,,89
89300,Local Income Tax,,Expense,,,No,,89
89900,Income Summary,Year end processing to balance account (Retained Earnings),Expense,,Yes,No,INCOMESUMMARY_ACCT,89
91,Costing,,Memo,,,Yes,,
91100,Profit Center Costing Distribution,,Memo,,,No,,91
91200,Project Costing Distribution,,Memo,,,No,,91
95,Commitment Accounting,,Memo,,,Yes,,
95100,PO Encumbrance,,Memo,,,No,,95
95200,PO Commitment,,Memo,,,No,,95
95500,SO Future Revenue,,Memo,,,No,,95
