﻿<?xml version="1.0" encoding="UTF-8"?>
<compiereTrl language="fa_IR" table="AD_FORM">
  <row id="100" trl="N">
    <value column="Name" original="Generate Invoices (manual)">
			صدور فاکتور دستی
		</value>
    <value column="Description" original="Select and generate invoices">
			انتخاب و صدور فاکتور
		</value>
    <value column="Help" original=""/>
  </row>
  <row id="101" trl="N">
    <value column="Name" original="Import File Loader">
			واردکردن فایل اجرایی
		</value>
    <value column="Description" original="Load flat Files into import tables">
			اجرای فایلهای معمولی در جدول ورودی
		</value>
    <value column="Help" original="The Import File Loader parses the content of a flat file and loads it into import tables. Comments start with a '[' and end with a ']' and are ignored; example: [Some Heading].">
			The Import File Loader parses the content of a flat file and
			loads it into import tables. Comments start with a '[' and
			end with a ']' and are ignored; example: [Some Heading].
		</value>
  </row>
  <row id="102" trl="N">
    <value column="Name" original="Initial Client Setup">
			راه اندازی کلاینت اولیه
		</value>
    <value column="Description" original="Initial Client Setup">
			راه اندازی کلاینت اولیه
		</value>
    <value column="Help" original=""/>
  </row>
  <row id="103" trl="N">
    <value column="Name" original="Material Transactions">
			معاملات مواد
		</value>
    <value column="Description" original="Material Transactions">
			معاملات مواد
		</value>
    <value column="Help" original=""/>
  </row>
  <row id="104" trl="N">
    <value column="Name" original="Payment Allocation">
			تخصیص پرداخت
		</value>
    <value column="Description" original="Allocate invoices and payments">
			تخصیص فاکتو ها و پرداختها
		</value>
    <value column="Help" original=""/>
  </row>
  <row id="105" trl="N">
    <value column="Name" original="Generate Charges">
			صدور هزینه
		</value>
    <value column="Description" original="Generate Charges from natural accounts">
			صدور هزینه ها از حسابهای عادی
		</value>
    <value column="Help" original=""/>
  </row>
  <row id="106" trl="N">
    <value column="Name" original="Payment Print/Export">
			خارج کردن / چاپ پرداخت
		</value>
    <value column="Description" original="Print or export your payments">
			خارج کردن / چاپ پرداخت
		</value>
    <value column="Help" original=""/>
  </row>
  <row id="107" trl="N">
    <value column="Name" original="Payment Selection (manual)">
			راهنمای انتخاب پرداخت
		</value>
    <value column="Description" original="Manual Payment Selection">
			راهنمای انتخاب پرداخت
		</value>
    <value column="Help" original=""/>
  </row>
  <row id="108" trl="N">
    <value column="Name" original="Matching PO-Receipt-Invoice">
			تطبیق رسید / فاکتور سفارش خرید
		</value>
    <value column="Description" original="Match Purchase Orders, Receipts, Vendor Invoices">
			تطبیق سفارش خرید، رسید ها و فاکتورهای فروشنده
		</value>
    <value column="Help" original=""/>
  </row>
  <row id="110" trl="N">
    <value column="Name" original="Generate Shipments (manual)">
			صدور محموله
		</value>
    <value column="Description" original="Select and generate shipments">
			انتخاب و تولید محموله ها
		</value>
    <value column="Help" original=""/>
  </row>
  <row id="111" trl="N">
    <value column="Name" original="Password Maintenance">
			نگهداری رمز عبور
		</value>
    <value column="Description" original="Maintain Passwords">
			تغییر رمز عبور
		</value>
    <value column="Help" original="Maintain Passwords for Users and Business Partners">
			نگهداری رمز های عبور برای کاربران و همکاران تجاری
		</value>
  </row>
  <row id="112" trl="N">
    <value column="Name" original="Merge Entities">
			ادغام ورودیها
		</value>
    <value column="Description" original="Merge From Entity to To Entity - Delete From">
			ادغام از موجودیت به موجودیت - حذف فرم
		</value>
    <value column="Help" original="&lt;i&gt;Dangerous - Please are aware of what you are doing!&lt;/i&gt;|All instances of the From entity (e.g. Customer A) are changed to the To entity (e.g. Customer B). |The From entity (e.g. Customer A) is deleted. |&lt;p&gt;&lt;b&gt;There is NO undo nor trace !  Please do a b">
			&lt;i&gt;Dangerous - Please are aware of what you are
			doing!&lt;/i&gt;|All instances of the From entity (e.g.
			Customer A) are changed to the To entity (e.g. Customer B).
			|The From entity (e.g. Customer A) is deleted.
			|&lt;p&gt;&lt;b&gt;There is NO undo nor trace ! Please do a
			b
		</value>
  </row>
  <row id="800000" trl="N">
    <value column="Name" original="In-Out Report">
			گزارشات داخلی خارجی
		</value>
    <value column="Description" original=""/>
    <value column="Help" original=""/>
  </row>
  <row id="800001" trl="N">
    <value column="Name" original="Session Info">
			اطلاعات جلسه
		</value>
    <value column="Description" original=""/>
    <value column="Help" original=""/>
  </row>
  <row id="800002" trl="N">
    <value column="Name" original="Payments Selection (Bank)">
			انتخاب پرداخت های بانکی
		</value>
    <value column="Description" original=""/>
    <value column="Help" original=""/>
  </row>
  <row id="800003" trl="N">
    <value column="Name" original="Call Acct-Server">
			Call Acct-Server
		</value>
    <value column="Description" original=""/>
    <value column="Help" original=""/>
  </row>
  <row id="800007" trl="N">
    <value column="Name" original="Background Process">
			پردازش های پیش زمینه
		</value>
    <value column="Description" original=""/>
    <value column="Help" original=""/>
  </row>
  <row id="800008" trl="N">
    <value column="Name" original="Undo Debt-Payment">
			Undo Debt-Payment
		</value>
    <value column="Description" original=""/>
    <value column="Help" original=""/>
  </row>
  <row id="800009" trl="N">
    <value column="Name" original="Material Receipt Pending">تعلیق رسید کالا</value>
    <value column="Description" original="Select and receipt pending material">انتخاب و معلق کردن رسید کالا</value>
    <value column="Help" original=""/>
  </row>
  <row id="800010" trl="N">
    <value column="Name" original="InvoiceVendorMultiline">فاکتور فروشنده چند خطی</value>
    <value column="Description" original="Expense Invoice multiline edition">ویرایش فاکتور هزینه چندخطی</value>
    <value column="Help" original=""/>
  </row>
  <row id="800011" trl="N">
    <value column="Name" original="SQL Query">SQL Query</value>
    <value column="Description" original=""/>
    <value column="Help" original=""/>
  </row>
  <row id="800012" trl="N">
    <value column="Name" original="Import EDI File">وارد کردن EDI فایل</value>
    <value column="Description" original="Imports EDI data from file.">وارد کردن داده EDI از فایل</value>
    <value column="Help" original="Imports EDI data from file.">
			Imports EDI data from file.
		</value>
  </row>
  <row id="800013" trl="N">
    <value column="Name" original="Remittance Cancel">انصراف ارسال وجه</value>
    <value column="Description" original=""/>
    <value column="Help" original=""/>
  </row>
  <row id="800014" trl="N">
    <value column="Name" original="Import/Export Translations">
			وارد کردن/خارج کردن ترجمه زبان
		</value>
    <value column="Description" original="Import/Export translation">
			وارد کردن/خارج کردن ترجمه زبان
		</value>
    <value column="Help" original=""/>
  </row>
</compiereTrl>
