﻿<?xml version="1.0" encoding="UTF-8"?>
<compiereTrl language="fa_IR" table="AD_REFERENCE">
  <row id="1" trl="N">
    <value column="Name" original="AD_Reference Data Types">
			AD_Reference Data Types
		</value>
    <value column="Description" original="Data Type selection">
			Data Type selection
		</value>
    <value column="Help" original=""/>
  </row>
  <row id="2" trl="N">
    <value column="Name" original="AD_Reference Validation Types">
			AD_Reference Validation Types
		</value>
    <value column="Description" original="Reference Validation Type list">
			Reference Validation Type list
		</value>
    <value column="Help" original="e.g. I - Independent ">
			e.g. I - Independent
		</value>
  </row>
  <row id="3" trl="N">
    <value column="Name" original="AD_Column ColumName">
			AD_Column ColumName
		</value>
    <value column="Description" original="Column selection">
			Column selection
		</value>
    <value column="Help" original=""/>
  </row>
  <row id="4" trl="N">
    <value column="Name" original="AD_Reference Values">
			AD_Reference Values
		</value>
    <value column="Description" original="Reference (List and Table) selection">
			Reference (List and Table) selection
		</value>
    <value column="Help" original="(not DataType and Independent)">
			(not DataType and Independent)
		</value>
  </row>
  <row id="5" trl="N">
    <value column="Name" original="AD_Table Access Levels">
			AD_Table Access Levels
		</value>
    <value column="Description" original="Table Access and Sharing Level list">
			Table Access and Sharing Level list
		</value>
    <value column="Help" original=""/>
  </row>
  <row id="10" trl="N">
    <value column="Name" original="String">رشته</value>
    <value column="Description" original="Character String">
			Character String
		</value>
    <value column="Help" original=""/>
  </row>
  <row id="11" trl="N">
    <value column="Name" original="Integer">عدد</value>
    <value column="Description" original="10 Digit numeric">
			10 Digit numeric
		</value>
    <value column="Help" original=""/>
  </row>
  <row id="12" trl="N">
    <value column="Name" original="Amount">Amount</value>
    <value column="Description" original="Number with 4 decimals">
			Number with 4 decimals
		</value>
    <value column="Help" original=""/>
  </row>
  <row id="13" trl="N">
    <value column="Name" original="ID">ID</value>
    <value column="Description" original="10 Digit Identifier">
			10 Digit Identifier
		</value>
    <value column="Help" original=""/>
  </row>
  <row id="14" trl="N">
    <value column="Name" original="Text">متن</value>
    <value column="Description" original="Character String up to 2000 characters">
			Character String up to 2000 characters
		</value>
    <value column="Help" original=""/>
  </row>
  <row id="15" trl="N">
    <value column="Name" original="Date">تاریخ</value>
    <value column="Description" original="Date mm/dd/yyyy">
			Date mm/dd/yyyy
		</value>
    <value column="Help" original=""/>
  </row>
  <row id="16" trl="N">
    <value column="Name" original="DateTime">تاریخ زمان</value>
    <value column="Description" original="Date with time">تاریخ با زمان</value>
    <value column="Help" original=""/>
  </row>
  <row id="17" trl="N">
    <value column="Name" original="List">لیست</value>
    <value column="Description" original="Reference List">لیست ارجاع</value>
    <value column="Help" original=""/>
  </row>
  <row id="18" trl="N">
    <value column="Name" original="Table">جدول</value>
    <value column="Description" original="Table List">لیست جدول</value>
    <value column="Help" original=""/>
  </row>
  <row id="19" trl="N">
    <value column="Name" original="TableDir">TableDir</value>
    <value column="Description" original="Direct Table Access">دسترسی مستقیم به جدول</value>
    <value column="Help" original=""/>
  </row>
  <row id="20" trl="N">
    <value column="Name" original="YesNo">بله نه</value>
    <value column="Description" original="CheckBox">CheckBox</value>
    <value column="Help" original=""/>
  </row>
  <row id="21" trl="N">
    <value column="Name" original="Location">محل</value>
    <value column="Description" original="Location/Address">محل / آدرس</value>
    <value column="Help" original=""/>
  </row>
  <row id="22" trl="N">
    <value column="Name" original="Number">شماره</value>
    <value column="Description" original="Float Number">رقم اعشاری</value>
    <value column="Help" original=""/>
  </row>
  <row id="23" trl="N">
    <value column="Name" original="Binary">Binary</value>
    <value column="Description" original="Binary Data">
			Binary Data
		</value>
    <value column="Help" original=""/>
  </row>
  <row id="24" trl="N">
    <value column="Name" original="Time">زمان</value>
    <value column="Description" original="Time">زمان</value>
    <value column="Help" original=""/>
  </row>
  <row id="25" trl="N">
    <value column="Name" original="Account">Account</value>
    <value column="Description" original="Account Element">
			Account Element
		</value>
    <value column="Help" original=""/>
  </row>
  <row id="26" trl="N">
    <value column="Name" original="RowID">RowID</value>
    <value column="Description" original="Row ID Data Type">
			Row ID Data Type
		</value>
    <value column="Help" original=""/>
  </row>
  <row id="27" trl="N">
    <value column="Name" original="Color">رنگ</value>
    <value column="Description" original="Color element">
			Color element
		</value>
    <value column="Help" original=""/>
  </row>
  <row id="28" trl="N">
    <value column="Name" original="Button">دکمه</value>
    <value column="Description" original="Command Button - starts a process">
			Command Button - starts a process
		</value>
    <value column="Help" original=""/>
  </row>
  <row id="29" trl="N">
    <value column="Name" original="Quantity">تعداد</value>
    <value column="Description" original="Quantity data type">نوع داده تعداد</value>
    <value column="Help" original=""/>
  </row>
  <row id="30" trl="N">
    <value column="Name" original="Search">جستجو</value>
    <value column="Description" original="Search Field">فیلد جستحو</value>
    <value column="Help" original=""/>
  </row>
  <row id="31" trl="N">
    <value column="Name" original="Locator">Locator</value>
    <value column="Description" original="Warehouse Locator Data type">
			Warehouse Locator Data type
		</value>
    <value column="Help" original=""/>
  </row>
  <row id="32" trl="N">
    <value column="Name" original="Image">عکس</value>
    <value column="Description" original="Binary Image Data">
			Binary Image Data
		</value>
    <value column="Help" original=""/>
  </row>
  <row id="33" trl="N">
    <value column="Name" original="Assignment">Assignment</value>
    <value column="Description" original="Resource Assignment">
			Resource Assignment
		</value>
    <value column="Help" original=""/>
  </row>
  <row id="34" trl="N">
    <value column="Name" original="Memo">Memo</value>
    <value column="Description" original="Large Text - Character String up to 2000 characters">
			Large Text - Character String up to 2000 characters
		</value>
    <value column="Help" original=""/>
  </row>
  <row id="35" trl="N">
    <value column="Name" original="PAttribute">PAttribute</value>
    <value column="Description" original="Product Attribute">مشخصه محصول</value>
    <value column="Help" original=""/>
  </row>
  <row id="100" trl="N">
    <value column="Name" original="AD_Validation Rules Parent">
			AD_Validation Rules Parent
		</value>
    <value column="Description" original="Validation rule Parent selection">
			Validation rule Parent selection
		</value>
    <value column="Help" original=""/>
  </row>
  <row id="101" trl="N">
    <value column="Name" original="AD_Validation Rule Types">
			AD_Validation Rule Types
		</value>
    <value column="Description" original="Validation Rule Type list">
			Validation Rule Type list
		</value>
    <value column="Help" original="e.g. S - SQL">
			e.g. S - SQL
		</value>
  </row>
  <row id="102" trl="N">
    <value column="Name" original="AD_Message">AD_Message</value>
    <value column="Description" original="Message selection">
			Message selection
		</value>
    <value column="Help" original=""/>
  </row>
  <row id="103" trl="N">
    <value column="Name" original="AD_Message Type">
			AD_Message Type
		</value>
    <value column="Description" original="Message Type list">لیست نوع پیام</value>
    <value column="Help" original=""/>
  </row>
  <row id="104" trl="N">
    <value column="Name" original="AD_Menu Action">
			AD_Menu Action
		</value>
    <value column="Description" original="Menu Action list">
			Menu Action list
		</value>
    <value column="Help" original=""/>
  </row>
  <row id="105" trl="N">
    <value column="Name" original="AD_Menu Parent">
			AD_Menu Parent
		</value>
    <value column="Description" original="Menu Parent selection">
			Menu Parent selection
		</value>
    <value column="Help" original=""/>
  </row>
  <row id="106" trl="N">
    <value column="Name" original="AD_Language">AD_Language</value>
    <value column="Description" original="Language selection">
			Language selection
		</value>
    <value column="Help" original=""/>
  </row>
  <row id="108" trl="N">
    <value column="Name" original="AD_Window Types">
			AD_Window Types
		</value>
    <value column="Description" original="Window Type list">لیست نوع پنجره</value>
    <value column="Help" original="e.g. M = Multi/Single (one uppercase character)">
			e.g. M = Multi/Single (one uppercase character)
		</value>
  </row>
  <row id="109" trl="N">
    <value column="Name" original="AD_WF_Next Nodes">
			AD_WF_Next Nodes
		</value>
    <value column="Description" original="Next workflow node selection">
			Next workflow node selection
		</value>
    <value column="Help" original=""/>
  </row>
  <row id="110" trl="N">
    <value column="Name" original="AD_User">AD_User</value>
    <value column="Description" original="User selection">گزینش کاربر</value>
    <value column="Help" original=""/>
  </row>
  <row id="111" trl="N">
    <value column="Name" original="C_Conversion_Rate Types">
			C_Conversion_Rate Types
		</value>
    <value column="Description" original="Conversion Rate Type list">
			Conversion Rate Type list
		</value>
    <value column="Help" original=""/>
  </row>
  <row id="112" trl="N">
    <value column="Name" original="C_Conversion_Rate Currencies">
			C_Conversion_Rate Currencies
		</value>
    <value column="Description" original="Currencies with dynamic exchange rate selection">
			Currencies with dynamic exchange rate selection
		</value>
    <value column="Help" original=""/>
  </row>
  <row id="113" trl="N">
    <value column="Name" original="AD_Org Parent">
			AD_Org Parent
		</value>
    <value column="Description" original="Organization Parent selection">
			Organization Parent selection
		</value>
    <value column="Help" original=""/>
  </row>
  <row id="114" trl="N">
    <value column="Name" original="C_UOM">C_UOM</value>
    <value column="Description" original="Unit of Measure selection">
			Unit of Measure selection
		</value>
    <value column="Help" original=""/>
  </row>
  <row id="115" trl="N">
    <value column="Name" original="C_Period Type">
			C_Period Type
		</value>
    <value column="Description" original="Period Type list">
			Period Type list
		</value>
    <value column="Help" original=""/>
  </row>
  <row id="116" trl="N">
    <value column="Name" original="C_Element Type">
			C_Element Type
		</value>
    <value column="Description" original="Account Element Types">
			Account Element Types
		</value>
    <value column="Help" original=""/>
  </row>
  <row id="117" trl="N">
    <value column="Name" original="C_ElementValue AccountType">
			C_ElementValue AccountType
		</value>
    <value column="Description" original="Account Type list">
			Account Type list
		</value>
    <value column="Help" original=""/>
  </row>
  <row id="118" trl="N">
    <value column="Name" original="C_ElementValue Account Sign">
			C_ElementValue Account Sign
		</value>
    <value column="Description" original="Account Sign list">
			Account Sign list
		</value>
    <value column="Help" original=""/>
  </row>
  <row id="120" trl="N">
    <value column="Name" original="AD_TreeType Type">
			AD_TreeType Type
		</value>
    <value column="Description" original="Tree Type list">
			Tree Type list
		</value>
    <value column="Help" original="Determines which element to use as the base for the information">
			Determines which element to use as the base for the
			information
		</value>
  </row>
  <row id="121" trl="N">
    <value column="Name" original="X12DE98 Entity Identifier Code">
			X12DE98 Entity Identifier Code
		</value>
    <value column="Description" original="X12DE98 Entity Identifier Code list">
			X12DE98 Entity Identifier Code list
		</value>
    <value column="Help" original="Identify organizational entity physical location property or individual list">
			Identify organizational entity physical location property or
			individual list
		</value>
  </row>
  <row id="122" trl="N">
    <value column="Name" original="C_AcctSchema Costing Method">
			C_AcctSchema Costing Method
		</value>
    <value column="Description" original="Costing Method list">
			Costing Method list
		</value>
    <value column="Help" original=""/>
  </row>
  <row id="123" trl="N">
    <value column="Name" original="C_AcctSchema GAAP">
			C_AcctSchema GAAP
		</value>
    <value column="Description" original="General Accepted Accounting Principle list">
			General Accepted Accounting Principle list
		</value>
    <value column="Help" original=""/>
  </row>
  <row id="124" trl="N">
    <value column="Name" original="C_BPartner Parent">
			C_BPartner Parent
		</value>
    <value column="Description" original="Business Partner Parent selection">
			Business Partner Parent selection
		</value>
    <value column="Help" original=""/>
  </row>
  <row id="125" trl="N">
    <value column="Name" original="All_Posting Type">
			All_Posting Type
		</value>
    <value column="Description" original="Posting Type (Actual Budget etc.) list">
			Posting Type (Actual Budget etc.) list
		</value>
    <value column="Help" original=""/>
  </row>
  <row id="126" trl="N">
    <value column="Name" original="AD_Table Replication Type">
			AD_Table Replication Type
		</value>
    <value column="Description" original="Replication Type">
			Replication Type
		</value>
    <value column="Help" original=""/>
  </row>
  <row id="128" trl="N">
    <value column="Name" original="AD_Sequence for Documents">
			AD_Sequence for Documents
		</value>
    <value column="Description" original="Sequence for Document selection">
			Sequence for Document selection
		</value>
    <value column="Help" original=""/>
  </row>
  <row id="129" trl="N">
    <value column="Name" original="AD_Client">AD_Client</value>
    <value column="Description" original="Client selection">
			Client selection
		</value>
    <value column="Help" original=""/>
  </row>
  <row id="130" trl="N">
    <value column="Name" original="AD_Org (Trx)">
			AD_Org (Trx)
		</value>
    <value column="Description" original="Organization selection, no summary, no 0">
			Organization selection, no summary, no 0
		</value>
    <value column="Help" original=""/>
  </row>
  <row id="131" trl="N">
    <value column="Name" original="All_Document Status">
			All_Document Status
		</value>
    <value column="Description" original="Document Status list">
			Document Status list
		</value>
    <value column="Help" original=""/>
  </row>
  <row id="132" trl="N">
    <value column="Name" original="C_ElementValue (Accounts)">
			C_ElementValue (Accounts)
		</value>
    <value column="Description" original="Account selection">
			Account selection
		</value>
    <value column="Help" original=""/>
  </row>
  <row id="133" trl="N">
    <value column="Name" original="C_Location">C_Location</value>
    <value column="Description" original="Location selection">
			Location selection
		</value>
    <value column="Help" original=""/>
  </row>
  <row id="134" trl="N">
    <value column="Name" original="C_Accounts - User1">
			C_Accounts - User1
		</value>
    <value column="Description" original="User1 selection">گزینش کاربر 1</value>
    <value column="Help" original=""/>
  </row>
  <row id="135" trl="N">
    <value column="Name" original="All_Document Action">
			All_Document Action
		</value>
    <value column="Description" original="Document action list">
			Document action list
		</value>
    <value column="Help" original=""/>
  </row>
  <row id="136" trl="N">
    <value column="Name" original="C_AcctSchema">
			C_AcctSchema
		</value>
    <value column="Description" original="Accounting Schema selection">
			Accounting Schema selection
		</value>
    <value column="Help" original=""/>
  </row>
  <row id="137" trl="N">
    <value column="Name" original="C_Accounts - User2">
			C_Accounts - User2
		</value>
    <value column="Description" original="User2 selection">گزینش کاربر 2</value>
    <value column="Help" original=""/>
  </row>
  <row id="138" trl="N">
    <value column="Name" original="C_BPartner">C_BPartner</value>
    <value column="Description" original="Business Partner selection (no Summary)">
			Business Partner selection (no Summary)
		</value>
    <value column="Help" original=""/>
  </row>
  <row id="140" trl="N">
    <value column="Name" original="C_Product">C_Product</value>
    <value column="Description" original="Product selection">
			Product selection
		</value>
    <value column="Help" original=""/>
  </row>
  <row id="141" trl="N">
    <value column="Name" original="C_Project">C_Project</value>
    <value column="Description" original="Project selection">
			Project selection
		</value>
    <value column="Help" original=""/>
  </row>
  <row id="142" trl="N">
    <value column="Name" original="C_Activity">C_Activity</value>
    <value column="Description" original="Activity selection">
			Activity selection
		</value>
    <value column="Help" original=""/>
  </row>
  <row id="143" trl="N">
    <value column="Name" original="C_Campaign">C_Campaign</value>
    <value column="Description" original="Campaign selection">
			Campaign selection
		</value>
    <value column="Help" original=""/>
  </row>
  <row id="144" trl="N">
    <value column="Name" original="C_Sales Region">
			C_Sales Region
		</value>
    <value column="Description" original="Sales Region selection">گزینش ناحیه فروش</value>
    <value column="Help" original=""/>
  </row>
  <row id="145" trl="N">
    <value column="Name" original="C_Element">C_Element</value>
    <value column="Description" original="Element selection">
			Element selection
		</value>
    <value column="Help" original=""/>
  </row>
  <row id="148" trl="N">
    <value column="Name" original="C_DocType SubTypeSO">
			C_DocType SubTypeSO
		</value>
    <value column="Description" original="Order Types list">لیست انواع سفارش</value>
    <value column="Help" original=""/>
  </row>
  <row id="149" trl="N">
    <value column="Name" original="C_Payment CreditCard Type">
			C_Payment CreditCard Type
		</value>
    <value column="Description" original="C_Payment Credit Card Type list">
			C_Payment Credit Card Type list
		</value>
    <value column="Help" original=""/>
  </row>
  <row id="150" trl="N">
    <value column="Name" original="C_Order InvoiceRule">
			C_Order InvoiceRule
		</value>
    <value column="Description" original="Invoicing Rules list">
			Invoicing Rules list
		</value>
    <value column="Help" original=""/>
  </row>
  <row id="151" trl="N">
    <value column="Name" original="C_Order DeliveryRule">
			C_Order DeliveryRule
		</value>
    <value column="Description" original="Delivery Rules list">
			Delivery Rules list
		</value>
    <value column="Help" original=""/>
  </row>
  <row id="152" trl="N">
    <value column="Name" original="C_Order DeliveryViaRule">
			C_Order DeliveryViaRule
		</value>
    <value column="Description" original="Delivery via Rule list">
			Delivery via Rule list
		</value>
    <value column="Help" original=""/>
  </row>
  <row id="153" trl="N">
    <value column="Name" original="C_Order FreightCostRule">
			C_Order FreightCostRule
		</value>
    <value column="Description" original="Freight cost Rule list">
			Freight cost Rule list
		</value>
    <value column="Help" original=""/>
  </row>
  <row id="154" trl="N">
    <value column="Name" original="All_PriorityRule">
			All_PriorityRule
		</value>
    <value column="Description" original="Priority scale list">
			Priority scale list
		</value>
    <value column="Help" original=""/>
  </row>
  <row id="155" trl="N">
    <value column="Name" original="M_DiscountPriceList RoundingRule">
			M_DiscountPriceList RoundingRule
		</value>
    <value column="Description" original="Price Rounding Rule list">
			Price Rounding Rule list
		</value>
    <value column="Help" original=""/>
  </row>
  <row id="156" trl="N">
    <value column="Name" original="C_Country">C_Country</value>
    <value column="Description" original="Country selection">
			Country selection
		</value>
    <value column="Help" original=""/>
  </row>
  <row id="157" trl="N">
    <value column="Name" original="C_Region">C_Region</value>
    <value column="Description" original="Region selection">گزینش ناحیه</value>
    <value column="Help" original=""/>
  </row>
  <row id="158" trl="N">
    <value column="Name" original="C_Tax">C_Tax</value>
    <value column="Description" original="Tax selection">گزینش مالیات</value>
    <value column="Help" original=""/>
  </row>
  <row id="159" trl="N">
    <value column="Name" original="C_BPartner Location">
			C_BPartner Location
		</value>
    <value column="Description" original="Locations of a Business Partner">
			Locations of a Business Partner
		</value>
    <value column="Help" original=""/>
  </row>
  <row id="161" trl="N">
    <value column="Name" original="M_Product Parent">
			M_Product Parent
		</value>
    <value column="Description" original=""/>
    <value column="Help" original=""/>
  </row>
  <row id="162" trl="N">
    <value column="Name" original="M_Product (no summary)">
			M_Product (no summary)
		</value>
    <value column="Description" original="Product selection, no summary">
			Product selection, no summary
		</value>
    <value column="Help" original=""/>
  </row>
  <row id="163" trl="N">
    <value column="Name" original="M_Product Category ">
			M_Product Category
		</value>
    <value column="Description" original=""/>
    <value column="Help" original=""/>
  </row>
  <row id="164" trl="N">
    <value column="Name" original="M_Replenish Type">
			M_Replenish Type
		</value>
    <value column="Description" original=""/>
    <value column="Help" original=""/>
  </row>
  <row id="166" trl="N">
    <value column="Name" original="M_PriceListForSale">
			M_PriceListForSale
		</value>
    <value column="Description" original=""/>
    <value column="Help" original=""/>
  </row>
  <row id="167" trl="N">
    <value column="Name" original="Weekdays">روزهای هفته</value>
    <value column="Description" original="List of days">
			List of days
		</value>
    <value column="Help" original=""/>
  </row>
  <row id="168" trl="N">
    <value column="Name" original="C_InvoiceSchedule InvoiceFrequency">
			C_InvoiceSchedule InvoiceFrequency
		</value>
    <value column="Description" original=""/>
    <value column="Help" original=""/>
  </row>
  <row id="169" trl="N">
    <value column="Name" original="C_Project Parent">
			C_Project Parent
		</value>
    <value column="Description" original=""/>
    <value column="Help" original=""/>
  </row>
  <row id="170" trl="N">
    <value column="Name" original="C_DocType">C_DocType</value>
    <value column="Description" original=""/>
    <value column="Help" original=""/>
  </row>
  <row id="171" trl="N">
    <value column="Name" original="M_Product (stocked)">
			M_Product (stocked)
		</value>
    <value column="Description" original=""/>
    <value column="Help" original=""/>
  </row>
  <row id="172" trl="N">
    <value column="Name" original="C_DocType SO">
			C_DocType SO
		</value>
    <value column="Description" original=""/>
    <value column="Help" original=""/>
  </row>
  <row id="173" trl="N">
    <value column="Name" original="C_BPartner Customers">
			C_BPartner Customers
		</value>
    <value column="Description" original="Customer selection">
			Customer selection
		</value>
    <value column="Help" original=""/>
  </row>
  <row id="174" trl="N">
    <value column="Name" original="AD_Workflow">AD_Workflow</value>
    <value column="Description" original="Workflows">گردش کارها</value>
    <value column="Help" original=""/>
  </row>
  <row id="175" trl="N">
    <value column="Name" original="C_ValidCombination">
			C_ValidCombination
		</value>
    <value column="Description" original="Valid Account combinations">
			Valid Account combinations
		</value>
    <value column="Help" original=""/>
  </row>
  <row id="176" trl="N">
    <value column="Name" original="C_PeriodControl Action">
			C_PeriodControl Action
		</value>
    <value column="Description" original=""/>
    <value column="Help" original=""/>
  </row>
  <row id="177" trl="N">
    <value column="Name" original="C_PeriodControl Status">
			C_PeriodControl Status
		</value>
    <value column="Description" original=""/>
    <value column="Help" original=""/>
  </row>
  <row id="178" trl="N">
    <value column="Name" original="GL_Budget Status">
			GL_Budget Status
		</value>
    <value column="Description" original=""/>
    <value column="Help" original=""/>
  </row>
  <row id="179" trl="N">
    <value column="Name" original="C_SalesRegion Parent">
			C_SalesRegion Parent
		</value>
    <value column="Description" original=""/>
    <value column="Help" original=""/>
  </row>
  <row id="180" trl="N">
    <value column="Name" original="All_ErrorType">
			All_ErrorType
		</value>
    <value column="Description" original="List of type of errors">
			List of type of errors
		</value>
    <value column="Help" original=""/>
  </row>
  <row id="181" trl="N">
    <value column="Name" original="C_AcctSchema ElementType">
			C_AcctSchema ElementType
		</value>
    <value column="Description" original="Element Types for Accounting Elements">
			Element Types for Accounting Elements
		</value>
    <value column="Help" original="Hardcoded Element Types">
			Hardcoded Element Types
		</value>
  </row>
  <row id="182" trl="N">
    <value column="Name" original="C_ElementValue (all)">
			C_ElementValue (all)
		</value>
    <value column="Description" original="Element Values">
			Element Values
		</value>
    <value column="Help" original=""/>
  </row>
  <row id="183" trl="N">
    <value column="Name" original="C_DocType DocBaseType">
			C_DocType DocBaseType
		</value>
    <value column="Description" original="Base Document Types">
			Base Document Types
		</value>
    <value column="Help" original=""/>
  </row>
  <row id="184" trl="N">
    <value column="Name" original="AD_Tree">AD_Tree</value>
    <value column="Description" original="Tree selection">گزینش انشعاب</value>
    <value column="Help" original=""/>
  </row>
  <row id="187" trl="N">
    <value column="Name" original="C_BPartner SalesRep">
			C_BPartner SalesRep
		</value>
    <value column="Description" original="Business Partners who are Sales Reps">
			Business Partners who are Sales Reps
		</value>
    <value column="Help" original="SalesRep_ID is synonym of AD_User_ID">
			SalesRep_ID is synonym of AD_User_ID
		</value>
  </row>
  <row id="188" trl="N">
    <value column="Name" original="M_PriceList Version">
			M_PriceList Version
		</value>
    <value column="Description" original=""/>
    <value column="Help" original=""/>
  </row>
  <row id="189" trl="N">
    <value column="Name" original="M_Transaction Movement Type">
			M_Transaction Movement Type
		</value>
    <value column="Description" original=""/>
    <value column="Help" original=""/>
  </row>
  <row id="190" trl="N">
    <value column="Name" original="AD_User SalesRep">
			AD_User SalesRep
		</value>
    <value column="Description" original="Sales Representative">
			Sales Representative
		</value>
    <value column="Help" original=""/>
  </row>
  <row id="191" trl="N">
    <value column="Name" original="M_Locator">M_Locator</value>
    <value column="Description" original="Warehouse Locator">
			Warehouse Locator
		</value>
    <value column="Help" original=""/>
  </row>
  <row id="192" trl="N">
    <value column="Name" original="C_BPartner Vendors">
			C_BPartner Vendors
		</value>
    <value column="Description" original="Vendor selection">گزینش فروشنده</value>
    <value column="Help" original=""/>
  </row>
  <row id="193" trl="N">
    <value column="Name" original="C_BankAccount for Credit Card">
			C_BankAccount for Credit Card
		</value>
    <value column="Description" original=""/>
    <value column="Help" original=""/>
  </row>
  <row id="194" trl="N">
    <value column="Name" original="M_DiscountPriceList Base">
			M_DiscountPriceList Base
		</value>
    <value column="Description" original=""/>
    <value column="Help" original=""/>
  </row>
  <row id="195" trl="N">
    <value column="Name" original="All_Payment Rule">
			All_Payment Rule
		</value>
    <value column="Description" original="In &amp; Out Payment Options">
			In &amp; Out Payment Options
		</value>
    <value column="Help" original=""/>
  </row>
  <row id="196" trl="N">
    <value column="Name" original="C_RevenueRecognition Frequency">
			C_RevenueRecognition Frequency
		</value>
    <value column="Description" original="Frequency of Revenue Recognition">
			Frequency of Revenue Recognition
		</value>
    <value column="Help" original=""/>
  </row>
  <row id="197" trl="N">
    <value column="Name" original="M_Warehouse of Client">
			M_Warehouse of Client
		</value>
    <value column="Description" original=""/>
    <value column="Help" original=""/>
  </row>
  <row id="198" trl="N">
    <value column="Name" original="M_Inventory ReportType">
			M_Inventory ReportType
		</value>
    <value column="Description" original=""/>
    <value column="Help" original=""/>
  </row>
  <row id="199" trl="N">
    <value column="Name" original="M_PriceList_Version for Client">
			M_PriceList_Version for Client
		</value>
    <value column="Description" original=""/>
    <value column="Help" original=""/>
  </row>
  <row id="200" trl="N">
    <value column="Name" original="C_Charge">C_Charge</value>
    <value column="Description" original=""/>
    <value column="Help" original=""/>
  </row>
  <row id="201" trl="N">
    <value column="Name" original="C_BP_EDI EDI Type">
			C_BP_EDI EDI Type
		</value>
    <value column="Description" original=""/>
    <value column="Help" original=""/>
  </row>
  <row id="202" trl="N">
    <value column="Name" original="M_EDI Status">
			M_EDI Status
		</value>
    <value column="Description" original=""/>
    <value column="Help" original=""/>
  </row>
  <row id="203" trl="N">
    <value column="Name" original="M_EDI Trx Type">
			M_EDI Trx Type
		</value>
    <value column="Description" original=""/>
    <value column="Help" original=""/>
  </row>
  <row id="204" trl="N">
    <value column="Name" original="AD_Find AndOr">
			AD_Find AndOr
		</value>
    <value column="Description" original=""/>
    <value column="Help" original=""/>
  </row>
  <row id="205" trl="N">
    <value column="Name" original="AD_Find Operation">
			AD_Find Operation
		</value>
    <value column="Description" original=""/>
    <value column="Help" original=""/>
  </row>
  <row id="206" trl="N">
    <value column="Name" original="AD_Table Posting">
			AD_Table Posting
		</value>
    <value column="Description" original="Posting Tables">
			Posting Tables
		</value>
    <value column="Help" original=""/>
  </row>
  <row id="207" trl="N">
    <value column="Name" original="GL Category Type">
			GL Category Type
		</value>
    <value column="Description" original=""/>
    <value column="Help" original=""/>
  </row>
  <row id="208" trl="N">
    <value column="Name" original="AD_ImpFormat Type">
			AD_ImpFormat Type
		</value>
    <value column="Description" original=""/>
    <value column="Help" original=""/>
  </row>
  <row id="209" trl="N">
    <value column="Name" original="AD_ImpFormat FormatType">
			AD_ImpFormat FormatType
		</value>
    <value column="Description" original=""/>
    <value column="Help" original=""/>
  </row>
  <row id="210" trl="N">
    <value column="Name" original="AD_ImpFormat_Row Type">
			AD_ImpFormat_Row Type
		</value>
    <value column="Description" original=""/>
    <value column="Help" original=""/>
  </row>
  <row id="211" trl="N">
    <value column="Name" original="M_Product BOM (stocked)">
			M_Product BOM (stocked)
		</value>
    <value column="Description" original="Products that are BOMs and stocked">
			Products that are BOMs and stocked
		</value>
    <value column="Help" original=""/>
  </row>
  <row id="212" trl="N">
    <value column="Name" original="M_InventoryCount QtyRange">
			M_InventoryCount QtyRange
		</value>
    <value column="Description" original=""/>
    <value column="Help" original=""/>
  </row>
  <row id="213" trl="N">
    <value column="Name" original="C_Payment AVS">
			C_Payment AVS
		</value>
    <value column="Description" original=""/>
    <value column="Help" original=""/>
  </row>
  <row id="214" trl="N">
    <value column="Name" original="C_Payment Tender Type">
			C_Payment Tender Type
		</value>
    <value column="Description" original=""/>
    <value column="Help" original=""/>
  </row>
  <row id="215" trl="N">
    <value column="Name" original="C_Payment Trx Type">
			C_Payment Trx Type
		</value>
    <value column="Description" original=""/>
    <value column="Help" original=""/>
  </row>
  <row id="216" trl="N">
    <value column="Name" original="C_Bank Account Type">
			C_Bank Account Type
		</value>
    <value column="Description" original=""/>
    <value column="Help" original=""/>
  </row>
  <row id="217" trl="N">
    <value column="Name" original="C_Cash Trx Type">
			C_Cash Trx Type
		</value>
    <value column="Description" original=""/>
    <value column="Help" original=""/>
  </row>
  <row id="218" trl="N">
    <value column="Name" original="R_Request Request Type">
			R_Request Request Type
		</value>
    <value column="Description" original=""/>
    <value column="Help" original=""/>
  </row>
  <row id="219" trl="N">
    <value column="Name" original="R_Request Next Action">
			R_Request Next Action
		</value>
    <value column="Description" original=""/>
    <value column="Help" original=""/>
  </row>
  <row id="220" trl="N">
    <value column="Name" original="R_Request Action Type">
			R_Request Action Type
		</value>
    <value column="Description" original=""/>
    <value column="Help" original=""/>
  </row>
  <row id="221" trl="N">
    <value column="Name" original="R_Request Frequency Type">
			R_Request Frequency Type
		</value>
    <value column="Description" original=""/>
    <value column="Help" original=""/>
  </row>
  <row id="222" trl="N">
    <value column="Name" original="R_Request Due Type">
			R_Request Due Type
		</value>
    <value column="Description" original=""/>
    <value column="Help" original=""/>
  </row>
  <row id="223" trl="N">
    <value column="Name" original="C_BPartner Vendors Avtive">
			C_BPartner Vendors Avtive
		</value>
    <value column="Description" original="Vendor selection">گزینش فروشنده</value>
    <value column="Help" original=""/>
  </row>
  <row id="224" trl="N">
    <value column="Name" original="C_Commission DocBasis">
			C_Commission DocBasis
		</value>
    <value column="Description" original=""/>
    <value column="Help" original=""/>
  </row>
  <row id="225" trl="N">
    <value column="Name" original="C_Commission Frequency">
			C_Commission Frequency
		</value>
    <value column="Description" original=""/>
    <value column="Help" original=""/>
  </row>
  <row id="226" trl="N">
    <value column="Name" original="AD_Role User Level">
			AD_Role User Level
		</value>
    <value column="Description" original=""/>
    <value column="Help" original=""/>
  </row>
  <row id="227" trl="N">
    <value column="Name" original="C_PaymentTerm">
			C_PaymentTerm
		</value>
    <value column="Description" original=""/>
    <value column="Help" original=""/>
  </row>
  <row id="228" trl="N">
    <value column="Name" original="PA_Goal">PA_Goal</value>
    <value column="Description" original=""/>
    <value column="Help" original=""/>
  </row>
  <row id="229" trl="N">
    <value column="Name" original="PA_Achievement Parent">
			PA_Achievement Parent
		</value>
    <value column="Description" original=""/>
    <value column="Help" original=""/>
  </row>
  <row id="230" trl="N">
    <value column="Name" original="PA_Goal Parent">
			PA_Goal Parent
		</value>
    <value column="Description" original=""/>
    <value column="Help" original=""/>
  </row>
  <row id="231" trl="N">
    <value column="Name" original="PA_Measure Type">
			PA_Measure Type
		</value>
    <value column="Description" original=""/>
    <value column="Help" original=""/>
  </row>
  <row id="232" trl="N">
    <value column="Name" original="C_BPartner Vendor or SalesRep">
			C_BPartner Vendor or SalesRep
		</value>
    <value column="Description" original="Vendor or SalesRep selection">
			Vendor or SalesRep selection
		</value>
    <value column="Help" original=""/>
  </row>
  <row id="233" trl="N">
    <value column="Name" original="C_Period (Open)">
			C_Period (Open)
		</value>
    <value column="Description" original="Periods Sorted by Date">
			Periods Sorted by Date
		</value>
    <value column="Help" original=""/>
  </row>
  <row id="234" trl="N">
    <value column="Name" original="All_Posted Status">
			All_Posted Status
		</value>
    <value column="Description" original=""/>
    <value column="Help" original=""/>
  </row>
  <row id="235" trl="N">
    <value column="Name" original="PA_Report AmountType">
			PA_Report AmountType
		</value>
    <value column="Description" original=""/>
    <value column="Help" original=""/>
  </row>
  <row id="236" trl="N">
    <value column="Name" original="PA_Report CalculationType">
			PA_Report CalculationType
		</value>
    <value column="Description" original=""/>
    <value column="Help" original=""/>
  </row>
  <row id="237" trl="N">
    <value column="Name" original="PA_Report ColumnType">
			PA_Report ColumnType
		</value>
    <value column="Description" original=""/>
    <value column="Help" original=""/>
  </row>
  <row id="238" trl="N">
    <value column="Name" original="PA_Report CurrencyType">
			PA_Report CurrencyType
		</value>
    <value column="Description" original=""/>
    <value column="Help" original=""/>
  </row>
  <row id="239" trl="N">
    <value column="Name" original="PA_ReportColumn">
			PA_ReportColumn
		</value>
    <value column="Description" original=""/>
    <value column="Help" original=""/>
  </row>
  <row id="240" trl="N">
    <value column="Name" original="PA_ReportLine">
			PA_ReportLine
		</value>
    <value column="Description" original=""/>
    <value column="Help" original=""/>
  </row>
  <row id="241" trl="N">
    <value column="Name" original="PA_Report LineType">
			PA_Report LineType
		</value>
    <value column="Description" original=""/>
    <value column="Help" original=""/>
  </row>
  <row id="242" trl="N">
    <value column="Name" original="PA_ReportLine Parent">
			PA_ReportLine Parent
		</value>
    <value column="Description" original=""/>
    <value column="Help" original=""/>
  </row>
  <row id="243" trl="N">
    <value column="Name" original="AD_Color Type">
			AD_Color Type
		</value>
    <value column="Description" original=""/>
    <value column="Help" original=""/>
  </row>
  <row id="244" trl="N">
    <value column="Name" original="AD_Column Key ColumnNames">
			AD_Column Key ColumnNames
		</value>
    <value column="Description" original=""/>
    <value column="Help" original=""/>
  </row>
  <row id="245" trl="N">
    <value column="Name" original="All_Entity Type">
			All_Entity Type
		</value>
    <value column="Description" original="Entity Type (Dictionary, ..)">
			Entity Type (Dictionary, ..)
		</value>
    <value column="Help" original=""/>
  </row>
  <row id="246" trl="N">
    <value column="Name" original="M_Discount CumulativeLevel">
			M_Discount CumulativeLevel
		</value>
    <value column="Description" original=""/>
    <value column="Help" original=""/>
  </row>
  <row id="247" trl="N">
    <value column="Name" original="M_Discount Type">
			M_Discount Type
		</value>
    <value column="Description" original=""/>
    <value column="Help" original=""/>
  </row>
  <row id="248" trl="N">
    <value column="Name" original="AD_Color StartPoint">
			AD_Color StartPoint
		</value>
    <value column="Description" original=""/>
    <value column="Help" original=""/>
  </row>
  <row id="249" trl="N">
    <value column="Name" original="M_DiscountSchema">
			M_DiscountSchema
		</value>
    <value column="Description" original=""/>
    <value column="Help" original=""/>
  </row>
  <row id="250" trl="N">
    <value column="Name" original="M_Product_Costing Source">
			M_Product_Costing Source
		</value>
    <value column="Description" original=""/>
    <value column="Help" original=""/>
  </row>
  <row id="251" trl="N">
    <value column="Name" original="AD_Column Name">
			AD_Column Name
		</value>
    <value column="Description" original="Column selection">
			Column selection
		</value>
    <value column="Help" original=""/>
  </row>
  <row id="252" trl="N">
    <value column="Name" original="C_BPartner Employee">
			C_BPartner Employee
		</value>
    <value column="Description" original="Business Partners who are Employee">
			Business Partners who are Employee
		</value>
    <value column="Help" original=""/>
  </row>
  <row id="253" trl="N">
    <value column="Name" original="AD_Print Field Alignment">
			AD_Print Field Alignment
		</value>
    <value column="Description" original=""/>
    <value column="Help" original=""/>
  </row>
  <row id="254" trl="N">
    <value column="Name" original="AD_Print Line Alignment">
			AD_Print Line Alignment
		</value>
    <value column="Description" original=""/>
    <value column="Help" original=""/>
  </row>
  <row id="255" trl="N">
    <value column="Name" original="AD_Print Format Type">
			AD_Print Format Type
		</value>
    <value column="Description" original=""/>
    <value column="Help" original=""/>
  </row>
  <row id="256" trl="N">
    <value column="Name" original="AD_Print Area">
			AD_Print Area
		</value>
    <value column="Description" original=""/>
    <value column="Help" original=""/>
  </row>
  <row id="257" trl="N">
    <value column="Name" original="AD_Column Integer">
			AD_Column Integer
		</value>
    <value column="Description" original="Integer Type only (Name)">
			Integer Type only (Name)
		</value>
    <value column="Help" original=""/>
  </row>
  <row id="258" trl="N">
    <value column="Name" original="AD_Column YesNo">
			AD_Column YesNo
		</value>
    <value column="Description" original="Coluns YesNo (Name)">
			Coluns YesNo (Name)
		</value>
    <value column="Help" original=""/>
  </row>
  <row id="259" trl="N">
    <value column="Name" original="AD_PrintFormat">
			AD_PrintFormat
		</value>
    <value column="Description" original=""/>
    <value column="Help" original=""/>
  </row>
  <row id="261" trl="N">
    <value column="Name" original="AD_PrintFormat Invoice">
			AD_PrintFormat Invoice
		</value>
    <value column="Description" original=""/>
    <value column="Help" original=""/>
  </row>
  <row id="262" trl="N">
    <value column="Name" original="AD_PrintFormat Order">
			AD_PrintFormat Order
		</value>
    <value column="Description" original=""/>
    <value column="Help" original=""/>
  </row>
  <row id="263" trl="N">
    <value column="Name" original="AD_PrintFormat Shipment">
			AD_PrintFormat Shipment
		</value>
    <value column="Description" original=""/>
    <value column="Help" original=""/>
  </row>
  <row id="264" trl="N">
    <value column="Name" original="AD_PrintFormatItem">
			AD_PrintFormatItem
		</value>
    <value column="Description" original=""/>
    <value column="Help" original=""/>
  </row>
  <row id="265" trl="N">
    <value column="Name" original="AD_Print Graph Type">
			AD_Print Graph Type
		</value>
    <value column="Description" original=""/>
    <value column="Help" original=""/>
  </row>
  <row id="266" trl="N">
    <value column="Name" original="AD_PrintColor">
			AD_PrintColor
		</value>
    <value column="Description" original=""/>
    <value column="Help" original=""/>
  </row>
  <row id="267" trl="N">
    <value column="Name" original="AD_PrintFont">
			AD_PrintFont
		</value>
    <value column="Description" original=""/>
    <value column="Help" original=""/>
  </row>
  <row id="268" trl="N">
    <value column="Name" original="AD_PrintFormat Check">
			AD_PrintFormat Check
		</value>
    <value column="Description" original=""/>
    <value column="Help" original=""/>
  </row>
  <row id="269" trl="N">
    <value column="Name" original="AD_PrintFormat Not TableBased">
			AD_PrintFormat Not TableBased
		</value>
    <value column="Description" original=""/>
    <value column="Help" original=""/>
  </row>
  <row id="270" trl="N">
    <value column="Name" original="M_Product_ProductType">
			M_Product_ProductType
		</value>
    <value column="Description" original=""/>
    <value column="Help" original=""/>
  </row>
  <row id="271" trl="N">
    <value column="Name" original="C_OrderLine">C_OrderLine</value>
    <value column="Description" original="Order Line">ردیف سفارش</value>
    <value column="Help" original=""/>
  </row>
  <row id="272" trl="N">
    <value column="Name" original="I_ElementValue Column">
			I_ElementValue Column
		</value>
    <value column="Description" original=""/>
    <value column="Help" original=""/>
  </row>
  <row id="273" trl="N">
    <value column="Name" original="C_ElementValue (Parents)">
			C_ElementValue (Parents)
		</value>
    <value column="Description" original="Account selection">
			Account selection
		</value>
    <value column="Help" original=""/>
  </row>
  <row id="274" trl="N">
    <value column="Name" original="R_MailText">R_MailText</value>
    <value column="Description" original="Mail Text">
			Mail Text
		</value>
    <value column="Help" original=""/>
  </row>
  <row id="275" trl="N">
    <value column="Name" original="C_Period (all)">
			C_Period (all)
		</value>
    <value column="Description" original="Periods Sorted by Date">
			Periods Sorted by Date
		</value>
    <value column="Help" original=""/>
  </row>
  <row id="276" trl="N">
    <value column="Name" original="AD_Org (all)">
			AD_Org (all)
		</value>
    <value column="Description" original="Organization selection">گزینش سازمان</value>
    <value column="Help" original=""/>
  </row>
  <row id="277" trl="N">
    <value column="Name" original="C_BPartner Employee w Address">
			C_BPartner Employee w Address
		</value>
    <value column="Description" original="Business Partners who are Employee and have addresses">
			Business Partners who are Employee and have addresses
		</value>
    <value column="Help" original=""/>
  </row>
  <row id="278" trl="N">
    <value column="Name" original="AD_Tab">AD_Tab</value>
    <value column="Description" original=""/>
    <value column="Help" original=""/>
  </row>
  <row id="279" trl="N">
    <value column="Name" original="M_Product BOM Type">
			M_Product BOM Type
		</value>
    <value column="Description" original=""/>
    <value column="Help" original=""/>
  </row>
  <row id="280" trl="N">
    <value column="Name" original="AD_Print Label Line Type">
			AD_Print Label Line Type
		</value>
    <value column="Description" original=""/>
    <value column="Help" original=""/>
  </row>
  <row id="282" trl="N">
    <value column="Name" original="C_Recurring Type">
			C_Recurring Type
		</value>
    <value column="Description" original=""/>
    <value column="Help" original=""/>
  </row>
  <row id="283" trl="N">
    <value column="Name" original="C_Recurring Frequency">
			C_Recurring Frequency
		</value>
    <value column="Description" original=""/>
    <value column="Help" original=""/>
  </row>
  <row id="284" trl="N">
    <value column="Name" original="AD_Window">AD_Window</value>
    <value column="Description" original=""/>
    <value column="Help" original=""/>
  </row>
  <row id="285" trl="N">
    <value column="Name" original="K_Entry Related">
			K_Entry Related
		</value>
    <value column="Description" original=""/>
    <value column="Help" original=""/>
  </row>
  <row id="286" trl="N">
    <value column="Name" original="AD_User - Internal">
			AD_User - Internal
		</value>
    <value column="Description" original="Employee or SalesRep">
			Employee or SalesRep
		</value>
    <value column="Help" original=""/>
  </row>
  <row id="287" trl="N">
    <value column="Name" original="C_Tax SPPOType">
			C_Tax SPPOType
		</value>
    <value column="Description" original=""/>
    <value column="Help" original=""/>
  </row>
  <row id="288" trl="N">
    <value column="Name" original="C_ProjectType Category">
			C_ProjectType Category
		</value>
    <value column="Description" original=""/>
    <value column="Help" original=""/>
  </row>
  <row id="289" trl="N">
    <value column="Name" original="C_BPartner SOCreditStatus">
			C_BPartner SOCreditStatus
		</value>
    <value column="Description" original="Sales Credit Status">وضعیت اعتبار فروش</value>
    <value column="Help" original=""/>
  </row>
  <row id="290" trl="N">
    <value column="Name" original="C_Order Purchase">
			C_Order Purchase
		</value>
    <value column="Description" original="Purchase orders">سفارشات خرید</value>
    <value column="Help" original=""/>
  </row>
  <row id="800000" trl="N">
    <value column="Name" original="M_Product_UOM">
			M_Product_UOM
		</value>
    <value column="Description" original="UOM order">
			UOM order
		</value>
    <value column="Help" original=""/>
  </row>
  <row id="800001" trl="N">
    <value column="Name" original="C_Tax_Parent">
			C_Tax_Parent
		</value>
    <value column="Description" original="Taxes with IsSummary=Y">
			Taxes with IsSummary=Y
		</value>
    <value column="Help" original="Parent Taxes">
			Parent Taxes
		</value>
  </row>
  <row id="800002" trl="N">
    <value column="Name" original="ProjectStatus">وضعیت پروژه</value>
    <value column="Description" original=""/>
    <value column="Help" original=""/>
  </row>
  <row id="800003" trl="N">
    <value column="Name" original="Projectphase">
			Projectphase
		</value>
    <value column="Description" original=""/>
    <value column="Help" original=""/>
  </row>
  <row id="800004" trl="N">
    <value column="Name" original="Projectkind">Projectkind</value>
    <value column="Description" original=""/>
    <value column="Help" original=""/>
  </row>
  <row id="800005" trl="N">
    <value column="Name" original="PublicPrivate">
			PublicPrivate
		</value>
    <value column="Description" original=""/>
    <value column="Help" original=""/>
  </row>
  <row id="800007" trl="N">
    <value column="Name" original="Print Format Invoice">
			Print Format Invoice
		</value>
    <value column="Description" original=""/>
    <value column="Help" original=""/>
  </row>
  <row id="800008" trl="N">
    <value column="Name" original="Price">قیمت</value>
    <value column="Description" original="Price">قیمت</value>
    <value column="Help" original="Price">قیمت</value>
  </row>
  <row id="800009" trl="N">
    <value column="Name" original="Product_Template_Type">
			Product_Template_Type
		</value>
    <value column="Description" original=""/>
    <value column="Help" original=""/>
  </row>
  <row id="800010" trl="N">
    <value column="Name" original="Settlement type">
			Settlement type
		</value>
    <value column="Description" original=""/>
    <value column="Help" original=""/>
  </row>
  <row id="800011" trl="N">
    <value column="Name" original="Product search">جستجوی محصول</value>
    <value column="Description" original=""/>
    <value column="Help" original=""/>
  </row>
  <row id="800012" trl="N">
    <value column="Name" original="Type maintenance">
			Type maintenance
		</value>
    <value column="Description" original=""/>
    <value column="Help" original=""/>
  </row>
  <row id="800013" trl="N">
    <value column="Name" original="Locator Detail">
			Locator Detail
		</value>
    <value column="Description" original=""/>
    <value column="Help" original=""/>
  </row>
  <row id="800014" trl="N">
    <value column="Name" original="C_ElementValue show value conditions">
			C_ElementValue show value conditions
		</value>
    <value column="Description" original=""/>
    <value column="Help" original=""/>
  </row>
  <row id="800015" trl="N">
    <value column="Name" original="C_ElementValue level">
			C_ElementValue level
		</value>
    <value column="Description" original=""/>
    <value column="Help" original=""/>
  </row>
  <row id="800016" trl="N">
    <value column="Name" original="Schedule_Periodicity">
			Schedule_Periodicity
		</value>
    <value column="Description" original=""/>
    <value column="Help" original=""/>
  </row>
  <row id="800017" trl="N">
    <value column="Name" original="Strorage Payment Rule">
			Strorage Payment Rule
		</value>
    <value column="Description" original=""/>
    <value column="Help" original=""/>
  </row>
  <row id="800018" trl="N">
    <value column="Name" original="DocumentDocTypeCopy">
			DocumentDocTypeCopy
		</value>
    <value column="Description" original=""/>
    <value column="Help" original=""/>
  </row>
  <row id="800019" trl="N">
    <value column="Name" original="General Quantity">
			General Quantity
		</value>
    <value column="Description" original="General Quantity">
			General Quantity
		</value>
    <value column="Help" original=""/>
  </row>
  <row id="800020" trl="N">
    <value column="Name" original="Invoicingmode">
			Invoicingmode
		</value>
    <value column="Description" original=""/>
    <value column="Help" original=""/>
  </row>
  <row id="800021" trl="N">
    <value column="Name" original="Invoicingtype">
			Invoicingtype
		</value>
    <value column="Description" original=""/>
    <value column="Help" original=""/>
  </row>
  <row id="800022" trl="N">
    <value column="Name" original="AD_Table Posting TRL">
			AD_Table Posting TRL
		</value>
    <value column="Description" original=""/>
    <value column="Help" original=""/>
  </row>
  <row id="800023" trl="N">
    <value column="Name" original="Bankingrule">Bankingrule</value>
    <value column="Description" original=""/>
    <value column="Help" original=""/>
  </row>
  <row id="800024" trl="N">
    <value column="Name" original="All_Processed_Status">
			All_Processed_Status
		</value>
    <value column="Description" original=""/>
    <value column="Help" original=""/>
  </row>
  <row id="800025" trl="N">
    <value column="Name" original="Cost Type">نوع هزینه</value>
    <value column="Description" original=""/>
    <value column="Help" original=""/>
  </row>
  <row id="800026" trl="N">
    <value column="Name" original="Scheduled invoice grouping">
			Scheduled invoice grouping
		</value>
    <value column="Description" original="For scheduled invoicing, break into different invoices if the related values are different">
			For scheduled invoicing, break into different invoices if
			the related values are different
		</value>
    <value column="Help" original="The value is used as a binary code with 15 digits:||1.-Order organization (AD_Org_ID)||2.-Order (C_Order_ID)||3.-Shipment (M_InOut_ID)||4.-Invoice location (BillTo_ID)||5.-Ship location (C_BPartner_Location_ID)||6.-Sales representative (SalesRep_ID)||7.-P">
			The value is used as a binary code with 15 digits:||1.-Order
			organization (AD_Org_ID)||2.-Order (C_Order_ID)||3.-Shipment
			(M_InOut_ID)||4.-Invoice location (BillTo_ID)||5.-Ship
			location (C_BPartner_Location_ID)||6.-Sales representative
			(SalesRep_ID)||7.-P
		</value>
  </row>
  <row id="800027" trl="N">
    <value column="Name" original="Quarter">Quarter</value>
    <value column="Description" original="Quarter o trimester year">
			Quarter o trimester year
		</value>
    <value column="Help" original=""/>
  </row>
  <row id="800028" trl="N">
    <value column="Name" original="AD_Form">AD_Form</value>
    <value column="Description" original="List of all forms">
			List of all forms
		</value>
    <value column="Help" original=""/>
  </row>
  <row id="800029" trl="N">
    <value column="Name" original="Offers">Offers</value>
    <value column="Description" original=""/>
    <value column="Help" original=""/>
  </row>
  <row id="800030" trl="N">
    <value column="Name" original="IsManager">IsManager</value>
    <value column="Description" original=""/>
    <value column="Help" original=""/>
  </row>
  <row id="800031" trl="N">
    <value column="Name" original="M_PriceListForPurchase">
			M_PriceListForPurchase
		</value>
    <value column="Description" original="Purchase order price lists.">
			Purchase order price lists.
		</value>
    <value column="Help" original=""/>
  </row>
  <row id="800032" trl="N">
    <value column="Name" original="MA_CostCenter">
			MA_CostCenter
		</value>
    <value column="Description" original="Cost Centers">مراکز هزینه</value>
    <value column="Help" original=""/>
  </row>
  <row id="800033" trl="N">
    <value column="Name" original="Maintenance type">نوع تعمیر</value>
    <value column="Description" original="Maintenance type">نوع تعمیر</value>
    <value column="Help" original="Maintenance type">نوع تعمیر</value>
  </row>
  <row id="800034" trl="N">
    <value column="Name" original="Production Type">
			Production Type
		</value>
    <value column="Description" original="Production type list">
			Production type list
		</value>
    <value column="Help" original="Production types">
			Production types
		</value>
  </row>
  <row id="800035" trl="N">
    <value column="Name" original="C_BPartner Worker">
			C_BPartner Worker
		</value>
    <value column="Description" original="Partners with isWorker=Y">
			Partners with isWorker=Y
		</value>
    <value column="Help" original="Partners that are Workers">
			Partners that are Workers
		</value>
  </row>
  <row id="800037" trl="N">
    <value column="Name" original="WorkRequirementType">
			WorkRequirementType
		</value>
    <value column="Description" original="Work Requirement type list">لیست نوع ملزومات کاری</value>
    <value column="Help" original=""/>
  </row>
  <row id="800038" trl="N">
    <value column="Name" original="Shift">Shift</value>
    <value column="Description" original="Work shift list">
			Work shift list
		</value>
    <value column="Help" original="Work shift">Work shift</value>
  </row>
  <row id="800039" trl="N">
    <value column="Name" original="Value Type">نوع مقدار</value>
    <value column="Description" original="Value type list">
			Value type list
		</value>
    <value column="Help" original="Indicates the value type that it's going to be entered">
			Indicates the value type that it's going to be entered
		</value>
  </row>
  <row id="800040" trl="N">
    <value column="Name" original="Amortization type">
			Amortization type
		</value>
    <value column="Description" original="It shows the different types of amortization.">
			It shows the different types of amortization.
		</value>
    <value column="Help" original=""/>
  </row>
  <row id="800041" trl="N">
    <value column="Name" original="Amortization schedule">
			Amortization schedule
		</value>
    <value column="Description" original=""/>
    <value column="Help" original=""/>
  </row>
  <row id="800042" trl="N">
    <value column="Name" original="Create/recalculate amortization">
			Create/recalculate amortization
		</value>
    <value column="Description" original=""/>
    <value column="Help" original=""/>
  </row>
  <row id="800046" trl="N">
    <value column="Name" original="C_BankAccount">
			C_BankAccount
		</value>
    <value column="Description" original=""/>
    <value column="Help" original=""/>
  </row>
  <row id="800057" trl="N">
    <value column="Name" original="Business Partner ">
			Business Partner
		</value>
    <value column="Description" original=""/>
    <value column="Help" original=""/>
  </row>
  <row id="800058" trl="N">
    <value column="Name" original="Debt/Payment">
			Debt/Payment
		</value>
    <value column="Description" original=""/>
    <value column="Help" original=""/>
  </row>
  <row id="800059" trl="N">
    <value column="Name" original="Invoice">فاکتور</value>
    <value column="Description" original=""/>
    <value column="Help" original=""/>
  </row>
  <row id="800060" trl="N">
    <value column="Name" original="Product">محصول</value>
    <value column="Description" original=""/>
    <value column="Help" original=""/>
  </row>
  <row id="800061" trl="N">
    <value column="Name" original="Project">پروژه</value>
    <value column="Description" original=""/>
    <value column="Help" original=""/>
  </row>
  <row id="800062" trl="N">
    <value column="Name" original="Sales Order">سفارش فروش</value>
    <value column="Description" original=""/>
    <value column="Help" original=""/>
  </row>
  <row id="800063" trl="N">
    <value column="Name" original="Sales Order Line">ردیف سفارش فروش</value>
    <value column="Description" original=""/>
    <value column="Help" original=""/>
  </row>
  <row id="800064" trl="N">
    <value column="Name" original="Shipment/Receipt Line">
			Shipment/Receipt Line
		</value>
    <value column="Description" original=""/>
    <value column="Help" original=""/>
  </row>
  <row id="800065" trl="N">
    <value column="Name" original="Maintenance Periodicity">
			Maintenance Periodicity
		</value>
    <value column="Description" original=""/>
    <value column="Help" original=""/>
  </row>
  <row id="800066" trl="N">
    <value column="Name" original="Parameter type (In/Out)">
			Parameter type (In/Out)
		</value>
    <value column="Description" original=""/>
    <value column="Help" original=""/>
  </row>
  <row id="800067" trl="N">
    <value column="Name" original="RappelType">RappelType</value>
    <value column="Description" original="Types of rappels">
			Types of rappels
		</value>
    <value column="Help" original="Types of rappels">
			Types of rappels
		</value>
  </row>
  <row id="800068" trl="N">
    <value column="Name" original="AmortizationCalcType">
			AmortizationCalcType
		</value>
    <value column="Description" original=""/>
    <value column="Help" original=""/>
  </row>
  <row id="800069" trl="N">
    <value column="Name" original="Budget_Type">Budget_Type</value>
    <value column="Description" original=""/>
    <value column="Help" original=""/>
  </row>
  <row id="800070" trl="N">
    <value column="Name" original="C_DP_Management_Status">
			C_DP_Management_Status
		</value>
    <value column="Description" original=""/>
    <value column="Help" original=""/>
  </row>
  <row id="800071" trl="N">
    <value column="Name" original="Freight_Unit">
			Freight_Unit
		</value>
    <value column="Description" original=""/>
    <value column="Help" original=""/>
  </row>
  <row id="800072" trl="N">
    <value column="Name" original="Freight round">
			Freight round
		</value>
    <value column="Description" original=""/>
    <value column="Help" original=""/>
  </row>
  <row id="800073" trl="N">
    <value column="Name" original="C_Debt_Payment">
			C_Debt_Payment
		</value>
    <value column="Description" original=""/>
    <value column="Help" original=""/>
  </row>
  <row id="800074" trl="N">
    <value column="Name" original="Accounting period">
			Accounting period
		</value>
    <value column="Description" original="Accounting model period">
			Accounting model period
		</value>
    <value column="Help" original=""/>
  </row>
  <row id="800075" trl="N">
    <value column="Name" original="C_ExternalPOS_State">
			C_ExternalPOS_State
		</value>
    <value column="Description" original="State of one order">
			State of one order
		</value>
    <value column="Help" original=""/>
  </row>
  <row id="800076" trl="N">
    <value column="Name" original="C_Remittance no canceled or returned">
			C_Remittance no canceled or returned
		</value>
    <value column="Description" original=""/>
    <value column="Help" original=""/>
  </row>
  <row id="800078" trl="N">
    <value column="Name" original="Order status">وضعیت سفارش</value>
    <value column="Description" original=""/>
    <value column="Help" original=""/>
  </row>
  <row id="800079" trl="N">
    <value column="Name" original="AT_Test">AT_Test</value>
    <value column="Description" original=""/>
    <value column="Help" original=""/>
  </row>
  <row id="800080" trl="N">
    <value column="Name" original="AT_LineType">AT_LineType</value>
    <value column="Description" original="Defines if the Test Line is a command line or a reference to execute another Test.">
			Defines if the Test Line is a command line or a reference to
			execute another Test.
		</value>
    <value column="Help" original=""/>
  </row>
  <row id="800081" trl="N">
    <value column="Name" original="AT_TestType">AT_TestType</value>
    <value column="Description" original="It defines the category of the test. It can be individual, module or application.">
			It defines the category of the test. It can be individual,
			module or application.
		</value>
    <value column="Help" original=""/>
  </row>
  <row id="800082" trl="N">
    <value column="Name" original="AD_Language_Using">
			AD_Language_Using
		</value>
    <value column="Description" original=""/>
    <value column="Help" original=""/>
  </row>
  <row id="800083" trl="N">
    <value column="Name" original="Argument Type">
			Argument Type
		</value>
    <value column="Description" original=""/>
    <value column="Help" original=""/>
  </row>
  <row id="800084" trl="N">
    <value column="Name" original="Arguments">آرگومان ها</value>
    <value column="Description" original=""/>
    <value column="Help" original=""/>
  </row>
  <row id="800085" trl="N">
    <value column="Name" original="Accounting report type">
			Accounting report type
		</value>
    <value column="Description" original=""/>
    <value column="Help" original=""/>
  </row>
  <row id="800086" trl="N">
    <value column="Name" original="DimensionalFilterPurchase">
			DimensionalFilterPurchase
		</value>
    <value column="Description" original=""/>
    <value column="Help" original=""/>
  </row>
  <row id="800087" trl="N">
    <value column="Name" original="DimensionalFilterSale">
			DimensionalFilterSale
		</value>
    <value column="Description" original=""/>
    <value column="Help" original=""/>
  </row>
  <row id="800088" trl="N">
    <value column="Name" original="Cost Uom">Cost Uom</value>
    <value column="Description" original=""/>
    <value column="Help" original=""/>
  </row>
  <row id="800089" trl="N">
    <value column="Name" original="Cost type">Cost type</value>
    <value column="Description" original=""/>
    <value column="Help" original=""/>
  </row>
  <row id="800090" trl="N">
    <value column="Name" original="C_BP_TaxCategory">
			C_BP_TaxCategory
		</value>
    <value column="Description" original=""/>
    <value column="Help" original=""/>
  </row>
  <row id="800092" trl="N">
    <value column="Name" original="Locator search">
			Locator search
		</value>
    <value column="Description" original=""/>
    <value column="Help" original=""/>
  </row>
  <row id="800093" trl="N">
    <value column="Name" original="Responsible employee">
			Responsible employee
		</value>
    <value column="Description" original=""/>
    <value column="Help" original=""/>
  </row>
  <row id="800095" trl="N">
    <value column="Name" original="Shipment/Receipt">
			Shipment/Receipt
		</value>
    <value column="Description" original=""/>
    <value column="Help" original=""/>
  </row>
  <row id="800096" trl="N">
    <value column="Name" original="Invoice Line">
			Invoice Line
		</value>
    <value column="Description" original=""/>
    <value column="Help" original=""/>
  </row>
  <row id="800097" trl="N">
    <value column="Name" original="Class format type">
			Class format type
		</value>
    <value column="Description" original=""/>
    <value column="Help" original=""/>
  </row>
  <row id="800098" trl="N">
    <value column="Name" original="In/out transaction types for planning">
			In/out transaction types for planning
		</value>
    <value column="Description" original=""/>
    <value column="Help" original=""/>
  </row>
  <row id="800099" trl="N">
    <value column="Name" original="Quantity type">نوع تعداد</value>
    <value column="Description" original=""/>
    <value column="Help" original=""/>
  </row>
  <row id="800100" trl="N">
    <value column="Name" original="MRP_ProductionLine">
			MRP_ProductionLine
		</value>
    <value column="Description" original=""/>
    <value column="Help" original=""/>
  </row>
  <row id="800101" trl="N">
    <value column="Name" original="Link">لینک</value>
    <value column="Description" original="Link">لینک</value>
    <value column="Help" original=""/>
  </row>
</compiereTrl>
