﻿<?xml version="1.0" encoding="UTF-8"?>
<compiereTrl language="fa_IR" table="AD_TASK">
  <row id="102" trl="N">
    <value column="Name" original="Java Version">نسخه جاوا</value>
    <value column="Description" original="Displays the version of the default Java VM">نمایش نسخه پیش فرض جاوا</value>
    <value column="Help" original="The java version used by the application might be different.">نسخه جاوا استفاده شده در این برنامه متفاوت است</value>
  </row>
  <row id="103" trl="N">
    <value column="Name" original="Database Export">خروجی پایگاه داده</value>
    <value column="Description" original="Export (save) the database">خروجی از پایگاه داده</value>
    <value column="Help" original="Run this command from the server">اجرای این دستور از سرور</value>
  </row>
  <row id="104" trl="N">
    <value column="Name" original="Database Transfer">تبادل پایگاه داده</value>
    <value column="Description" original="Transfer the database">تبادل پایگاه داده</value>
    <value column="Help" original="Run this command from the server">اجرای این دستور از سرور</value>
  </row>
  <row id="800000" trl="N">
    <value column="Name" original="Merge Script">ادغام اسکریپت</value>
    <value column="Description" original=""/>
    <value column="Help" original=""/>
  </row>
  <row id="800001" trl="N">
    <value column="Name" original="Preinstall">پیش نصب</value>
    <value column="Description" original=""/>
    <value column="Help" original=""/>
  </row>
  <row id="800002" trl="N">
    <value column="Name" original="Version">نسخه</value>
    <value column="Description" original=""/>
    <value column="Help" original=""/>
  </row>
  <row id="800003" trl="N">
    <value column="Name" original="External Point of Sales">نقطه فروش خارجی</value>
    <value column="Description" original=""/>
    <value column="Help" original=""/>
  </row>
  <row id="800004" trl="N">
    <value column="Name" original="fdd">fdd</value>
    <value column="Description" original=""/>
    <value column="Help" original=""/>
  </row>
</compiereTrl>
