<?xml version="1.0" encoding="UTF-8"?>
<compiereTrl language="fa_IR" table="AD_WORKFLOW">
	<row id="101" trl="N">
		<value column="Name" original="Project Setup and Use">
			کاربری و راه اندازی پروژه
		</value>
		<value column="Description"
			original="Setup of projects and project reporting">
			راه اندازی پروژه و گزارشگیری
		</value>
		<value column="Help"
			original="Projects allow to monitor the status and progress of sales opportunities, service projects and investment projects. A Project is a process that is undertaken which can involve multiple steps or phases and require resources from more than one area.">
			پروژه ها اجازه می دهند تا وضعیت و پیشرفت موقعیت های فروش را مانیتور کنید
			
		</value>
	</row>
	<row id="103" trl="N">
		<value column="Name" original="Language Setup">
			نصب زبان
		</value>
		<value column="Description"
			original="Setup a new Language of the system and translate elements">
			نصب یک زبان جدید برای سیستم و ترجمه المان ها
		</value>
		<value column="Help"
			original="Define a new language as a system language.">
			تعیین یک زبان جدید به عنوان زبان سیستمی
		</value>
	</row>
	<row id="104" trl="N">
		<value column="Name" original="Initial Client Setup Review">
			بازبینی نصب آغازین کلاینت
		</value>
		<value column="Description"
			original="Review of system level setup of a new  Client">
			Review of system level setup of a new Client
		</value>
		<value column="Help"
			original="This workflow reviews the system setup of a new client as performed by the automatic Initial Client Setup.|You may want to check also the following Workflows:|- Accounting Setup|- Business Partner Setup|- Product Setup|- Price list Setup|- Warehouse Setup|- Tax Setup|">
			This workflow reviews the system setup of a new client as
			performed by the automatic Initial Client Setup.|You may
			want to check also the following Workflows:|- Accounting
			Setup|- Business Partner Setup|- Product Setup|- Price list
			Setup|- Warehouse Setup|- Tax Setup|
		</value>
	</row>
	<row id="105" trl="N">
		<value column="Name" original="Accounting Setup">
			راه اندازی حسابداری
		</value>
		<value column="Description"
			original="Review and change Accounting Setup">
			Review and change Accounting Setup
		</value>
		<value column="Help"
			original="This workflow allows you to review and change your Accounting Rules. ">
			This workflow allows you to review and change your
			Accounting Rules.
		</value>
	</row>
	<row id="106" trl="N">
		<value column="Name" original="Business Partner Setup">
			راه اندازی همکار تجاری
		</value>
		<value column="Description"
			original="Setup Business Partner Rules">
			قوانین راه اندازی همکار تجاری
		</value>
		<value column="Help"
			original="This workflow defines the Business Partners and the supporting rules.">
			This workflow defines the Business Partners and the
			supporting rules.
		</value>
	</row>
	<row id="107" trl="N">
		<value column="Name" original="Product Setup">
			راه اندازی محصول
		</value>
		<value column="Description" original="Set up Products">
			راه اندازی محصولات
		</value>
		<value column="Help"
			original="Define your products manually. You should verify the settings especially if you import your products.">
			Define your products manually. You should verify the
			settings especially if you import your products.
		</value>
	</row>
	<row id="108" trl="N">
		<value column="Name" original="Price List Setup">
			راه اندازی لیست قیمت
		</value>
		<value column="Description"
			original="Define your Price Lists and Discounts">
			تعیین لیست های قیمت و تخفیفات
		</value>
		<value column="Help"
			original="You define your price lists after entering or importing your products">
			You define your price lists after entering or importing your
			products
		</value>
	</row>
	<row id="109" trl="N">
		<value column="Name" original="Replication Setup">
			راه اندازی Replication
		</value>
		<value column="Description"
			original="Setup of data replication">
			Setup of data replication
		</value>
		<value column="Help"
			original="Data Replication allows you to synchronize data of remote instances with a central office.  All actions are initialized from the central office.&lt;p&gt;|&lt;b&gt;Central System:&lt;/b&gt;&lt;BR&gt;|- setup system with all organizations, roles, etc.&lt;BR&gt;|- run the migration to make sure that it is up-to-date&lt;BR&gt;|- export the central system|&lt;p&gt;|&lt;b&gt;Remote System:&lt;/b&gt;|- install the exact version as Central System&lt;BR&gt;|- import data from Central System in the remote locations|&lt;p&gt;|&lt;b&gt;Central System:&lt;/b&gt;|- Define Replication per Remote&lt;BR&gt;|- Make sure that the ID range is unique per remote - otherwise you will loose transactions!&lt;BR&gt;|- Initially Start the Replication Run to setup Remote|&lt;p&gt;|** Enter Transactions **|&lt;p&gt;|&lt;b&gt;Central System:&lt;/b&gt;&lt;BR&gt;|- Start the Replication Run when required|">
			Data Replication allows you to synchronize data of remote
			instances with a central office. All actions are initialized
			from the central office.&lt;p&gt;|&lt;b&gt;Central
			System:&lt;/b&gt;&lt;BR&gt;|- setup system with all
			organizations, roles, etc.&lt;BR&gt;|- run the migration to
			make sure that it is up-to-date&lt;BR&gt;|- export the
			central system|&lt;p&gt;|&lt;b&gt;Remote System:&lt;/b&gt;|-
			install the exact version as Central System&lt;BR&gt;|-
			import data from Central System in the remote
			locations|&lt;p&gt;|&lt;b&gt;Central System:&lt;/b&gt;|-
			Define Replication per Remote&lt;BR&gt;|- Make sure that the
			ID range is unique per remote - otherwise you will loose
			transactions!&lt;BR&gt;|- Initially Start the Replication
			Run to setup Remote|&lt;p&gt;|** Enter Transactions
			**|&lt;p&gt;|&lt;b&gt;Central System:&lt;/b&gt;&lt;BR&gt;|-
			Start the Replication Run when required|
		</value>
	</row>
	<row id="110" trl="N">
		<value column="Name" original="Tax Setup">راه اندازی مالیات</value>
		<value column="Description" original="Setup tax calculation">
			Setup tax calculation
		</value>
		<value column="Help"
			original="Setup the tax calculation for products, services and charges">
			Setup the tax calculation for products, services and charges
		</value>
	</row>
	<row id="111" trl="N">
		<value column="Name" original="Sales Setup">راه اندازی فروش</value>
		<value column="Description" original="Setup Sales">
			Setup Sales
		</value>
		<value column="Help"
			original="Setting up Sales Representatives, Commissions as well as Marketing Channels and Campaigns.">
			Setting up Sales Representatives, Commissions as well as
			Marketing Channels and Campaigns.
		</value>
	</row>
	<row id="112" trl="N">
		<value column="Name" original="Performance Measurement Setup">
			راه اندازی مقیاس عملکرد
		</value>
		<value column="Description"
			original="Setup your Performance Measurement">
			Setup your Performance Measurement
		</value>
		<value column="Help"
			original="This workflow guides you through setting up your performance measurement based on Key Performance Indicators, Balanced Scorecard, etc.||Most important: Do your analysis first!|- What are your goals and how do you measure it?||When you are setting up the system, you do it in reverse:|First you define how you measure it and last you define the goals for the measurements.|You have three ways measuring performance:|- via quantifiable measures (e.g. sales of $3 million in Q1)|- via manual measures|- via achievements (tasks)||The system converts the measures into percentages (based on the target and achieved measure - or number of total and reached achievements)">
			This workflow guides you through setting up your performance
			measurement based on Key Performance Indicators, Balanced
			Scorecard, etc.||Most important: Do your analysis first!|-
			What are your goals and how do you measure it?||When you are
			setting up the system, you do it in reverse:|First you
			define how you measure it and last you define the goals for
			the measurements.|You have three ways measuring
			performance:|- via quantifiable measures (e.g. sales of $3
			million in Q1)|- via manual measures|- via achievements
			(tasks)||The system converts the measures into percentages
			(based on the target and achieved measure - or number of
			total and reached achievements)
		</value>
	</row>
	<row id="113" trl="N">
		<value column="Name" original="Request Setup">
			راه اندازی تقاضا
		</value>
		<value column="Description"
			original="Set up the client to process requests">
			Set up the client to process requests
		</value>
		<value column="Help" original=""></value>
	</row>
	<row id="800000" trl="N">
		<value column="Name" original="Production Setup">
			راه اندازی محصولات
		</value>
		<value column="Description"
			original="Set up Production module.">
			Set up Production module.
		</value>
		<value column="Help" original="Set up Production module.">
			Set up Production module.
		</value>
	</row>
</compiereTrl>