<?xml version="1.0" encoding="UTF-8"?>
<compiereTrl language="fa_IR" table="C_COUNTRY">
	<row id="100" trl="N">
		<value column="DisplaySequence" original="@C@, @R@ @P@">
			@C@, @R@ @P@
		</value>
		<value column="Name" original="United States">
			ایالات متحده 
		</value>
		<value column="Description"
			original="United States of America">
			ایالات متحده آمریکا
		</value>
		<value column="RegionName" original="State">شهر</value>
	</row>
	<row id="101" trl="N">
		<value column="DisplaySequence" original="D-@P@ @C@">
			D-@P@ @C@
		</value>
		<value column="Name" original="Alemania">Alemania</value>
		<value column="Description" original=""></value>
		<value column="RegionName" original=""></value>
	</row>
	<row id="102" trl="N">
		<value column="DisplaySequence" original="@P@ @C@">
			@P@ @C@
		</value>
		<value column="Name" original="Francia">فرانسه</value>
		<value column="Description" original="Francia">فرانسه</value>
		<value column="RegionName" original=""></value>
	</row>
	<row id="103" trl="N">
		<value column="DisplaySequence" original="B-@P@ @C@">
			B-@P@ @C@
		</value>
		<value column="Name" original="Bélgica">Bélgica</value>
		<value column="Description" original=""></value>
		<value column="RegionName" original=""></value>
	</row>
	<row id="105" trl="N">
		<value column="DisplaySequence" original="NL @P@ @C@">
			NL @P@ @C@
		</value>
		<value column="Name" original="Holanda">هلند</value>
		<value column="Description" original="Holanda">Holanda</value>
		<value column="RegionName" original=""></value>
	</row>
	<row id="106" trl="N">
		<value column="DisplaySequence" original="E-@P@ @C@">
			E-@P@ @C@
		</value>
		<value column="Name" original="España">España</value>
		<value column="Description" original="España">España</value>
		<value column="RegionName" original="Provincia">
			Provincia
		</value>
	</row>
	<row id="107" trl="N">
		<value column="DisplaySequence" original="CH-@P@ @C@">
			CH-@P@ @C@
		</value>
		<value column="Name" original="Switzerland">سوییس</value>
		<value column="Description" original=""></value>
		<value column="RegionName" original=""></value>
	</row>
	<row id="108" trl="N">
		<value column="DisplaySequence" original="A-@P@ @C@">
			A-@P@ @C@
		</value>
		<value column="Name" original="Austria">اتریش</value>
		<value column="Description" original="Österreich">
			Österreich
		</value>
		<value column="RegionName" original=""></value>
	</row>
	<row id="109" trl="N">
		<value column="DisplaySequence" original="@C@, @R@ @P@">
			@C@, @R@ @P@
		</value>
		<value column="Name" original="Canada">کانادا</value>
		<value column="Description" original=""></value>
		<value column="RegionName" original="Province">استان</value>
	</row>
	<row id="110" trl="N">
		<value column="DisplaySequence" original="@C@,  @P@">
			@C@, @P@
		</value>
		<value column="Name" original="Afghanistan">افغانستان</value>
		<value column="Description" original="Afghanistan">
			Afghanistan
		</value>
		<value column="RegionName" original=""></value>
	</row>
	<row id="111" trl="N">
		<value column="DisplaySequence" original="@C@,  @P@">
			@C@, @P@
		</value>
		<value column="Name" original="Albania">آلبانی</value>
		<value column="Description" original="Albania">Albania</value>
		<value column="RegionName" original=""></value>
	</row>
	<row id="112" trl="N">
		<value column="DisplaySequence" original="@C@,  @P@">
			@C@, @P@
		</value>
		<value column="Name" original="Algeria">الجزایر</value>
		<value column="Description" original="Algeria">Algeria</value>
		<value column="RegionName" original=""></value>
	</row>
	<row id="113" trl="N">
		<value column="DisplaySequence" original="@C@,  @P@">
			@C@, @P@
		</value>
		<value column="Name" original="American Samoa">
			American Samoa
		</value>
		<value column="Description" original="American Samoa">
			American Samoa
		</value>
		<value column="RegionName" original=""></value>
	</row>
	<row id="114" trl="N">
		<value column="DisplaySequence" original="@C@,  @P@">
			@C@, @P@
		</value>
		<value column="Name" original="Andorra">Andorra</value>
		<value column="Description" original="Andorra">Andorra</value>
		<value column="RegionName" original=""></value>
	</row>
	<row id="115" trl="N">
		<value column="DisplaySequence" original="@C@,  @P@">
			@C@, @P@
		</value>
		<value column="Name" original="Angola">آنگولا</value>
		<value column="Description" original="Angola">Angola</value>
		<value column="RegionName" original=""></value>
	</row>
	<row id="116" trl="N">
		<value column="DisplaySequence" original="@C@,  @P@">
			@C@, @P@
		</value>
		<value column="Name" original="Anguilla">Anguilla</value>
		<value column="Description" original="Anguilla">Anguilla</value>
		<value column="RegionName" original=""></value>
	</row>
	<row id="117" trl="N">
		<value column="DisplaySequence" original="@C@,  @P@">
			@C@, @P@
		</value>
		<value column="Name" original="Antarctica">Antarctica</value>
		<value column="Description" original="Antarctica">
			Antarctica
		</value>
		<value column="RegionName" original=""></value>
	</row>
	<row id="118" trl="N">
		<value column="DisplaySequence" original="@C@,  @P@">
			@C@, @P@
		</value>
		<value column="Name" original="Antigua And Barbuda">
			Antigua And Barbuda
		</value>
		<value column="Description" original="Antigua And Barbuda">
			Antigua And Barbuda
		</value>
		<value column="RegionName" original=""></value>
	</row>
	<row id="119" trl="N">
		<value column="DisplaySequence" original="@C@,  @P@">
			@C@, @P@
		</value>
		<value column="Name" original="Argentina">آرژانتین</value>
		<value column="Description" original="Argentina">
			Argentina
		</value>
		<value column="RegionName" original=""></value>
	</row>
	<row id="120" trl="N">
		<value column="DisplaySequence" original="@C@,  @P@">
			@C@, @P@
		</value>
		<value column="Name" original="Armenia">ارمنستان</value>
		<value column="Description" original="Armenia">Armenia</value>
		<value column="RegionName" original=""></value>
	</row>
	<row id="121" trl="N">
		<value column="DisplaySequence" original="@C@,  @P@">
			@C@, @P@
		</value>
		<value column="Name" original="Aruba">Aruba</value>
		<value column="Description" original="Aruba">Aruba</value>
		<value column="RegionName" original=""></value>
	</row>
	<row id="122" trl="N">
		<value column="DisplaySequence" original="@C@,  @P@">
			@C@, @P@
		</value>
		<value column="Name" original="Australia">استرالیا</value>
		<value column="Description" original="Australia">
			Australia
		</value>
		<value column="RegionName" original=""></value>
	</row>
	<row id="124" trl="N">
		<value column="DisplaySequence" original="@C@,  @P@">
			@C@, @P@
		</value>
		<value column="Name" original="Azerbaijan">آذربایجان</value>
		<value column="Description" original="Azerbaijan">
			Azerbaijan
		</value>
		<value column="RegionName" original=""></value>
	</row>
	<row id="125" trl="N">
		<value column="DisplaySequence" original="@C@,  @P@">
			@C@, @P@
		</value>
		<value column="Name" original="Bahamas">باهاماس</value>
		<value column="Description" original="Bahamas">Bahamas</value>
		<value column="RegionName" original=""></value>
	</row>
	<row id="126" trl="N">
		<value column="DisplaySequence" original="@C@,  @P@">
			@C@, @P@
		</value>
		<value column="Name" original="Bahrain">بحرین</value>
		<value column="Description" original="Bahrain">Bahrain</value>
		<value column="RegionName" original=""></value>
	</row>
	<row id="127" trl="N">
		<value column="DisplaySequence" original="@C@,  @P@">
			@C@, @P@
		</value>
		<value column="Name" original="Bangladesh">بنگلادش</value>
		<value column="Description" original="Bangladesh">
			Bangladesh
		</value>
		<value column="RegionName" original=""></value>
	</row>
	<row id="128" trl="N">
		<value column="DisplaySequence" original="@C@,  @P@">
			@C@, @P@
		</value>
		<value column="Name" original="Barbados">باربادوس</value>
		<value column="Description" original="Barbados">Barbados</value>
		<value column="RegionName" original=""></value>
	</row>
	<row id="129" trl="N">
		<value column="DisplaySequence" original="@C@,  @P@">
			@C@, @P@
		</value>
		<value column="Name" original="Belarus">بلاروس</value>
		<value column="Description" original="Belarus">Belarus</value>
		<value column="RegionName" original=""></value>
	</row>
	<row id="131" trl="N">
		<value column="DisplaySequence" original="@C@,  @P@">
			@C@, @P@
		</value>
		<value column="Name" original="Belize">Belize</value>
		<value column="Description" original="Belize">Belize</value>
		<value column="RegionName" original=""></value>
	</row>
	<row id="132" trl="N">
		<value column="DisplaySequence" original="@C@,  @P@">
			@C@, @P@
		</value>
		<value column="Name" original="Benin">Benin</value>
		<value column="Description" original="Benin">Benin</value>
		<value column="RegionName" original=""></value>
	</row>
	<row id="133" trl="N">
		<value column="DisplaySequence" original="@C@,  @P@">
			@C@, @P@
		</value>
		<value column="Name" original="Bermuda">برمودا</value>
		<value column="Description" original="Bermuda">Bermuda</value>
		<value column="RegionName" original=""></value>
	</row>
	<row id="134" trl="N">
		<value column="DisplaySequence" original="@C@,  @P@">
			@C@, @P@
		</value>
		<value column="Name" original="Bhutan">Bhutan</value>
		<value column="Description" original="Bhutan">Bhutan</value>
		<value column="RegionName" original=""></value>
	</row>
	<row id="135" trl="N">
		<value column="DisplaySequence" original="@C@,  @P@">
			@C@, @P@
		</value>
		<value column="Name" original="Bolivia">بولیوی</value>
		<value column="Description" original="Bolivia">Bolivia</value>
		<value column="RegionName" original=""></value>
	</row>
	<row id="136" trl="N">
		<value column="DisplaySequence" original="@C@,  @P@">
			@C@, @P@
		</value>
		<value column="Name" original="Bosnia And Herzegovina">
			بوسنی هرزگووین
		</value>
		<value column="Description" original="Bosnia And Herzegovina">
			Bosnia And Herzegovina
		</value>
		<value column="RegionName" original=""></value>
	</row>
	<row id="137" trl="N">
		<value column="DisplaySequence" original="@C@,  @P@">
			@C@, @P@
		</value>
		<value column="Name" original="Botswana">Botswana</value>
		<value column="Description" original="Botswana">Botswana</value>
		<value column="RegionName" original=""></value>
	</row>
	<row id="138" trl="N">
		<value column="DisplaySequence" original="@C@,  @P@">
			@C@, @P@
		</value>
		<value column="Name" original="Bouvet Island">
			Bouvet Island
		</value>
		<value column="Description" original="Bouvet Island">
			Bouvet Island
		</value>
		<value column="RegionName" original=""></value>
	</row>
	<row id="139" trl="N">
		<value column="DisplaySequence" original="@C@,  @P@">
			@C@, @P@
		</value>
		<value column="Name" original="Brazil">برزیل</value>
		<value column="Description" original="Brazil">Brazil</value>
		<value column="RegionName" original=""></value>
	</row>
	<row id="140" trl="N">
		<value column="DisplaySequence" original="@C@,  @P@">
			@C@, @P@
		</value>
		<value column="Name"
			original="British Indian Ocean Territory">
			British Indian Ocean Territory
		</value>
		<value column="Description"
			original="British Indian Ocean Territory">
			British Indian Ocean Territory
		</value>
		<value column="RegionName" original=""></value>
	</row>
	<row id="141" trl="N">
		<value column="DisplaySequence" original="@C@,  @P@">
			@C@, @P@
		</value>
		<value column="Name" original="Brunei Darussalam">
			Brunei Darussalam
		</value>
		<value column="Description" original="Brunei Darussalam">
			Brunei Darussalam
		</value>
		<value column="RegionName" original=""></value>
	</row>
	<row id="142" trl="N">
		<value column="DisplaySequence" original="@C@,  @P@">
			@C@, @P@
		</value>
		<value column="Name" original="Bulgaria">بلغارستان</value>
		<value column="Description" original="Bulgaria">Bulgaria</value>
		<value column="RegionName" original=""></value>
	</row>
	<row id="143" trl="N">
		<value column="DisplaySequence" original="@C@,  @P@">
			@C@, @P@
		</value>
		<value column="Name" original="Burkina Faso">
			بورکینا فاسو
		</value>
		<value column="Description" original="Burkina Faso">
			Burkina Faso
		</value>
		<value column="RegionName" original=""></value>
	</row>
	<row id="144" trl="N">
		<value column="DisplaySequence" original="@C@,  @P@">
			@C@, @P@
		</value>
		<value column="Name" original="Burundi">Burundi</value>
		<value column="Description" original="Burundi">Burundi</value>
		<value column="RegionName" original=""></value>
	</row>
	<row id="145" trl="N">
		<value column="DisplaySequence" original="@C@,  @P@">
			@C@, @P@
		</value>
		<value column="Name" original="Cambodia">Cambodia</value>
		<value column="Description" original="Cambodia">Cambodia</value>
		<value column="RegionName" original=""></value>
	</row>
	<row id="146" trl="N">
		<value column="DisplaySequence" original="@C@,  @P@">
			@C@, @P@
		</value>
		<value column="Name" original="Cameroon">کامرون</value>
		<value column="Description" original="Cameroon">Cameroon</value>
		<value column="RegionName" original=""></value>
	</row>
	<row id="148" trl="N">
		<value column="DisplaySequence" original="@C@,  @P@">
			@C@, @P@
		</value>
		<value column="Name" original="Cape Verde">Cape Verde</value>
		<value column="Description" original="Cape Verde">
			Cape Verde
		</value>
		<value column="RegionName" original=""></value>
	</row>
	<row id="149" trl="N">
		<value column="DisplaySequence" original="@C@,  @P@">
			@C@, @P@
		</value>
		<value column="Name" original="Cayman Islands">
			Cayman Islands
		</value>
		<value column="Description" original="Cayman Islands">
			Cayman Islands
		</value>
		<value column="RegionName" original=""></value>
	</row>
	<row id="150" trl="N">
		<value column="DisplaySequence" original="@C@,  @P@">
			@C@, @P@
		</value>
		<value column="Name" original="Central African Republic">
			Central African Republic
		</value>
		<value column="Description"
			original="Central African Republic">
			Central African Republic
		</value>
		<value column="RegionName" original=""></value>
	</row>
	<row id="151" trl="N">
		<value column="DisplaySequence" original="@C@,  @P@">
			@C@, @P@
		</value>
		<value column="Name" original="Chad">Chad</value>
		<value column="Description" original="Chad">Chad</value>
		<value column="RegionName" original=""></value>
	</row>
	<row id="152" trl="N">
		<value column="DisplaySequence" original="@C@,  @P@">
			@C@, @P@
		</value>
		<value column="Name" original="Chile">شیلی</value>
		<value column="Description" original="Chile">Chile</value>
		<value column="RegionName" original=""></value>
	</row>
	<row id="153" trl="N">
		<value column="DisplaySequence" original="@C@,  @P@">
			@C@, @P@
		</value>
		<value column="Name" original="China">چین</value>
		<value column="Description" original="China">China</value>
		<value column="RegionName" original=""></value>
	</row>
	<row id="154" trl="N">
		<value column="DisplaySequence" original="@C@,  @P@">
			@C@, @P@
		</value>
		<value column="Name" original="Christmas Island">
			Christmas Island
		</value>
		<value column="Description" original="Christmas Island">
			Christmas Island
		</value>
		<value column="RegionName" original=""></value>
	</row>
	<row id="155" trl="N">
		<value column="DisplaySequence" original="@C@,  @P@">
			@C@, @P@
		</value>
		<value column="Name" original="Cocos (keeling) Islands">
			Cocos (keeling) Islands
		</value>
		<value column="Description"
			original="Cocos (keeling) Islands">
			Cocos (keeling) Islands
		</value>
		<value column="RegionName" original=""></value>
	</row>
	<row id="156" trl="N">
		<value column="DisplaySequence" original="@C@,  @P@">
			@C@, @P@
		</value>
		<value column="Name" original="Colombia">کلمبیا</value>
		<value column="Description" original="Colombia">Colombia</value>
		<value column="RegionName" original=""></value>
	</row>
	<row id="157" trl="N">
		<value column="DisplaySequence" original="@C@,  @P@">
			@C@, @P@
		</value>
		<value column="Name" original="Comoros">Comoros</value>
		<value column="Description" original="Comoros">Comoros</value>
		<value column="RegionName" original=""></value>
	</row>
	<row id="158" trl="N">
		<value column="DisplaySequence" original="@C@,  @P@">
			@C@, @P@
		</value>
		<value column="Name" original="Congo">کنگو</value>
		<value column="Description" original="Congo">Congo</value>
		<value column="RegionName" original=""></value>
	</row>
	<row id="159" trl="N">
		<value column="DisplaySequence" original="@C@,  @P@">
			@C@, @P@
		</value>
		<value column="Name"
			original="Congo The Democratic Republic Of The">
			Congo The Democratic Republic Of The
		</value>
		<value column="Description"
			original="Congo The Democratic Republic Of The">
			Congo The Democratic Republic Of The
		</value>
		<value column="RegionName" original=""></value>
	</row>
	<row id="160" trl="N">
		<value column="DisplaySequence" original="@C@,  @P@">
			@C@, @P@
		</value>
		<value column="Name" original="Cook Islands">
			Cook Islands
		</value>
		<value column="Description" original="Cook Islands">
			Cook Islands
		</value>
		<value column="RegionName" original=""></value>
	</row>
	<row id="161" trl="N">
		<value column="DisplaySequence" original="@C@,  @P@">
			@C@, @P@
		</value>
		<value column="Name" original="Costa Rica">کاستا ریکا</value>
		<value column="Description" original="Costa Rica">
			Costa Rica
		</value>
		<value column="RegionName" original=""></value>
	</row>
	<row id="162" trl="N">
		<value column="DisplaySequence" original="@C@,  @P@">
			@C@, @P@
		</value>
		<value column="Name" original="Cote D'ivoire">
			Cote D'ivoire
		</value>
		<value column="Description" original="Cote D'ivoire">
			Cote D'ivoire
		</value>
		<value column="RegionName" original=""></value>
	</row>
	<row id="163" trl="N">
		<value column="DisplaySequence" original="@C@,  @P@">
			@C@, @P@
		</value>
		<value column="Name" original="Croatia">Croatia</value>
		<value column="Description" original="Croatia">Croatia</value>
		<value column="RegionName" original=""></value>
	</row>
	<row id="164" trl="N">
		<value column="DisplaySequence" original="@C@,  @P@">
			@C@, @P@
		</value>
		<value column="Name" original="Cuba">کوبا</value>
		<value column="Description" original="Cuba">Cuba</value>
		<value column="RegionName" original=""></value>
	</row>
	<row id="165" trl="N">
		<value column="DisplaySequence" original="@C@,  @P@">
			@C@, @P@
		</value>
		<value column="Name" original="Cyprus">قبرست</value>
		<value column="Description" original="Cyprus">Cyprus</value>
		<value column="RegionName" original=""></value>
	</row>
	<row id="166" trl="N">
		<value column="DisplaySequence" original="@C@,  @P@">
			@C@, @P@
		</value>
		<value column="Name" original="Czech Republic">
			جمهوری چک
		</value>
		<value column="Description" original="Czech Republic">
			Czech Republic
		</value>
		<value column="RegionName" original=""></value>
	</row>
	<row id="167" trl="N">
		<value column="DisplaySequence" original="@C@,  @P@">
			@C@, @P@
		</value>
		<value column="Name" original="Denmark">دانمارک</value>
		<value column="Description" original="Denmark">Denmark</value>
		<value column="RegionName" original=""></value>
	</row>
	<row id="168" trl="N">
		<value column="DisplaySequence" original="@C@,  @P@">
			@C@, @P@
		</value>
		<value column="Name" original="Djibouti">Djibouti</value>
		<value column="Description" original="Djibouti">Djibouti</value>
		<value column="RegionName" original=""></value>
	</row>
	<row id="169" trl="N">
		<value column="DisplaySequence" original="@C@,  @P@">
			@C@, @P@
		</value>
		<value column="Name" original="Dominica">Dominica</value>
		<value column="Description" original="Dominica">Dominica</value>
		<value column="RegionName" original=""></value>
	</row>
	<row id="170" trl="N">
		<value column="DisplaySequence" original="@C@,  @P@">
			@C@, @P@
		</value>
		<value column="Name" original="Dominican Republic">
			Dominican Republic
		</value>
		<value column="Description" original="Dominican Republic">
			Dominican Republic
		</value>
		<value column="RegionName" original=""></value>
	</row>
	<row id="171" trl="N">
		<value column="DisplaySequence" original="@C@,  @P@">
			@C@, @P@
		</value>
		<value column="Name" original="Ecuador">اکوادور</value>
		<value column="Description" original="Ecuador">Ecuador</value>
		<value column="RegionName" original=""></value>
	</row>
	<row id="172" trl="N">
		<value column="DisplaySequence" original="@C@,  @P@">
			@C@, @P@
		</value>
		<value column="Name" original="Egypt">مصر</value>
		<value column="Description" original="Egypt">Egypt</value>
		<value column="RegionName" original=""></value>
	</row>
	<row id="173" trl="N">
		<value column="DisplaySequence" original="@C@,  @P@">
			@C@, @P@
		</value>
		<value column="Name" original="El Salvador">El Salvador</value>
		<value column="Description" original="El Salvador">
			El Salvador
		</value>
		<value column="RegionName" original=""></value>
	</row>
	<row id="174" trl="N">
		<value column="DisplaySequence" original="@C@,  @P@">
			@C@, @P@
		</value>
		<value column="Name" original="Equatorial Guinea">
			Equatorial Guinea
		</value>
		<value column="Description" original="Equatorial Guinea">
			Equatorial Guinea
		</value>
		<value column="RegionName" original=""></value>
	</row>
	<row id="175" trl="N">
		<value column="DisplaySequence" original="@C@,  @P@">
			@C@, @P@
		</value>
		<value column="Name" original="Eritrea">Eritrea</value>
		<value column="Description" original="Eritrea">Eritrea</value>
		<value column="RegionName" original=""></value>
	</row>
	<row id="176" trl="N">
		<value column="DisplaySequence" original="@C@,  @P@">
			@C@, @P@
		</value>
		<value column="Name" original="Estonia">Estonia</value>
		<value column="Description" original="Estonia">Estonia</value>
		<value column="RegionName" original=""></value>
	</row>
	<row id="177" trl="N">
		<value column="DisplaySequence" original="@C@,  @P@">
			@C@, @P@
		</value>
		<value column="Name" original="Ethiopia">اتیوپی</value>
		<value column="Description" original="Ethiopia">Ethiopia</value>
		<value column="RegionName" original=""></value>
	</row>
	<row id="178" trl="N">
		<value column="DisplaySequence" original="@C@,  @P@">
			@C@, @P@
		</value>
		<value column="Name" original="Falkland Islands (malvinas)">
			Falkland Islands (malvinas)
		</value>
		<value column="Description"
			original="Falkland Islands (malvinas)">
			Falkland Islands (malvinas)
		</value>
		<value column="RegionName" original=""></value>
	</row>
	<row id="179" trl="N">
		<value column="DisplaySequence" original="@C@,  @P@">
			@C@, @P@
		</value>
		<value column="Name" original="Faroe Islands">
			Faroe Islands
		</value>
		<value column="Description" original="Faroe Islands">
			Faroe Islands
		</value>
		<value column="RegionName" original=""></value>
	</row>
	<row id="180" trl="N">
		<value column="DisplaySequence" original="@C@,  @P@">
			@C@, @P@
		</value>
		<value column="Name" original="Fiji">فیجی</value>
		<value column="Description" original="Fiji">Fiji</value>
		<value column="RegionName" original=""></value>
	</row>
	<row id="181" trl="N">
		<value column="DisplaySequence" original="@C@,  @P@">
			@C@, @P@
		</value>
		<value column="Name" original="Finland">فنلاند</value>
		<value column="Description" original="Finland">Finland</value>
		<value column="RegionName" original=""></value>
	</row>
	<row id="183" trl="N">
		<value column="DisplaySequence" original="@C@,  @P@">
			@C@, @P@
		</value>
		<value column="Name" original="French Guiana">
			French Guiana
		</value>
		<value column="Description" original="French Guiana">
			French Guiana
		</value>
		<value column="RegionName" original=""></value>
	</row>
	<row id="184" trl="N">
		<value column="DisplaySequence" original="@C@,  @P@">
			@C@, @P@
		</value>
		<value column="Name" original="French Polynesia">
			French Polynesia
		</value>
		<value column="Description" original="French Polynesia">
			French Polynesia
		</value>
		<value column="RegionName" original=""></value>
	</row>
	<row id="185" trl="N">
		<value column="DisplaySequence" original="@C@,  @P@">
			@C@, @P@
		</value>
		<value column="Name" original="French Southern Territories">
			French Southern Territories
		</value>
		<value column="Description"
			original="French Southern Territories">
			French Southern Territories
		</value>
		<value column="RegionName" original=""></value>
	</row>
	<row id="186" trl="N">
		<value column="DisplaySequence" original="@C@,  @P@">
			@C@, @P@
		</value>
		<value column="Name" original="Gabon">Gabon</value>
		<value column="Description" original="Gabon">Gabon</value>
		<value column="RegionName" original=""></value>
	</row>
	<row id="187" trl="N">
		<value column="DisplaySequence" original="@C@,  @P@">
			@C@, @P@
		</value>
		<value column="Name" original="Gambia">Gambia</value>
		<value column="Description" original="Gambia">Gambia</value>
		<value column="RegionName" original=""></value>
	</row>
	<row id="188" trl="N">
		<value column="DisplaySequence" original="@C@,  @P@">
			@C@, @P@
		</value>
		<value column="Name" original="Georgia">Georgia</value>
		<value column="Description" original="Georgia">Georgia</value>
		<value column="RegionName" original=""></value>
	</row>
	<row id="190" trl="N">
		<value column="DisplaySequence" original="@C@,  @P@">
			@C@, @P@
		</value>
		<value column="Name" original="Ghana">Ghana</value>
		<value column="Description" original="Ghana">Ghana</value>
		<value column="RegionName" original=""></value>
	</row>
	<row id="191" trl="N">
		<value column="DisplaySequence" original="@C@,  @P@">
			@C@, @P@
		</value>
		<value column="Name" original="Gibraltar">Gibraltar</value>
		<value column="Description" original="Gibraltar">
			Gibraltar
		</value>
		<value column="RegionName" original=""></value>
	</row>
	<row id="192" trl="N">
		<value column="DisplaySequence" original="@C@,  @P@">
			@C@, @P@
		</value>
		<value column="Name" original="Greece">یونان</value>
		<value column="Description" original="Greece">Greece</value>
		<value column="RegionName" original=""></value>
	</row>
	<row id="193" trl="N">
		<value column="DisplaySequence" original="@C@,  @P@">
			@C@, @P@
		</value>
		<value column="Name" original="Greenland">Greenland</value>
		<value column="Description" original="Greenland">
			Greenland
		</value>
		<value column="RegionName" original=""></value>
	</row>
	<row id="194" trl="N">
		<value column="DisplaySequence" original="@C@,  @P@">
			@C@, @P@
		</value>
		<value column="Name" original="Grenada">Grenada</value>
		<value column="Description" original="Grenada">Grenada</value>
		<value column="RegionName" original=""></value>
	</row>
	<row id="195" trl="N">
		<value column="DisplaySequence" original="@C@,  @P@">
			@C@, @P@
		</value>
		<value column="Name" original="Guadeloupe">Guadeloupe</value>
		<value column="Description" original="Guadeloupe">
			Guadeloupe
		</value>
		<value column="RegionName" original=""></value>
	</row>
	<row id="196" trl="N">
		<value column="DisplaySequence" original="@C@,  @P@">
			@C@, @P@
		</value>
		<value column="Name" original="Guam">Guam</value>
		<value column="Description" original="Guam">Guam</value>
		<value column="RegionName" original=""></value>
	</row>
	<row id="197" trl="N">
		<value column="DisplaySequence" original="@C@,  @P@">
			@C@, @P@
		</value>
		<value column="Name" original="Guatemala">گوآتمالا</value>
		<value column="Description" original="Guatemala">
			Guatemala
		</value>
		<value column="RegionName" original=""></value>
	</row>
	<row id="198" trl="N">
		<value column="DisplaySequence" original="@C@,  @P@">
			@C@, @P@
		</value>
		<value column="Name" original="Guinea">Guinea</value>
		<value column="Description" original="Guinea">Guinea</value>
		<value column="RegionName" original=""></value>
	</row>
	<row id="199" trl="N">
		<value column="DisplaySequence" original="@C@,  @P@">
			@C@, @P@
		</value>
		<value column="Name" original="Guinea-bissau">
			Guinea-bissau
		</value>
		<value column="Description" original="Guinea-bissau">
			Guinea-bissau
		</value>
		<value column="RegionName" original=""></value>
	</row>
	<row id="200" trl="N">
		<value column="DisplaySequence" original="@C@,  @P@">
			@C@, @P@
		</value>
		<value column="Name" original="Guyana">Guyana</value>
		<value column="Description" original="Guyana">Guyana</value>
		<value column="RegionName" original=""></value>
	</row>
	<row id="201" trl="N">
		<value column="DisplaySequence" original="@C@,  @P@">
			@C@, @P@
		</value>
		<value column="Name" original="Haiti">Haiti</value>
		<value column="Description" original="Haiti">Haiti</value>
		<value column="RegionName" original=""></value>
	</row>
	<row id="202" trl="N">
		<value column="DisplaySequence" original="@C@,  @P@">
			@C@, @P@
		</value>
		<value column="Name"
			original="Heard Island And Mcdonald Islands">
			Heard Island And Mcdonald Islands
		</value>
		<value column="Description"
			original="Heard Island And Mcdonald Islands">
			Heard Island And Mcdonald Islands
		</value>
		<value column="RegionName" original=""></value>
	</row>
	<row id="203" trl="N">
		<value column="DisplaySequence" original="@C@,  @P@">
			@C@, @P@
		</value>
		<value column="Name" original="Holy See (vatican City State)">
			Holy See (vatican City State)
		</value>
		<value column="Description"
			original="Holy See (vatican City State)">
			Holy See (vatican City State)
		</value>
		<value column="RegionName" original=""></value>
	</row>
	<row id="204" trl="N">
		<value column="DisplaySequence" original="@C@,  @P@">
			@C@, @P@
		</value>
		<value column="Name" original="Honduras">Honduras</value>
		<value column="Description" original="Honduras">Honduras</value>
		<value column="RegionName" original=""></value>
	</row>
	<row id="205" trl="N">
		<value column="DisplaySequence" original="@C@,  @P@">
			@C@, @P@
		</value>
		<value column="Name" original="Hong Kong">هنگ کنک</value>
		<value column="Description" original="Hong Kong">
			Hong Kong
		</value>
		<value column="RegionName" original=""></value>
	</row>
	<row id="206" trl="N">
		<value column="DisplaySequence" original="@C@,  @P@">
			@C@, @P@
		</value>
		<value column="Name" original="Hungary">مجارستان</value>
		<value column="Description" original="Hungary">Hungary</value>
		<value column="RegionName" original=""></value>
	</row>
	<row id="207" trl="N">
		<value column="DisplaySequence" original="@C@,  @P@">
			@C@, @P@
		</value>
		<value column="Name" original="Iceland">ایسلند</value>
		<value column="Description" original="Iceland">Iceland</value>
		<value column="RegionName" original=""></value>
	</row>
	<row id="208" trl="N">
		<value column="DisplaySequence" original="@C@,  @P@">
			@C@, @P@
		</value>
		<value column="Name" original="India">هند</value>
		<value column="Description" original="India">India</value>
		<value column="RegionName" original=""></value>
	</row>
	<row id="209" trl="N">
		<value column="DisplaySequence" original="@C@,  @P@">
			@C@, @P@
		</value>
		<value column="Name" original="Indonesia">اندونزی</value>
		<value column="Description" original="Indonesia">
			Indonesia
		</value>
		<value column="RegionName" original=""></value>
	</row>
	<row id="210" trl="N">
		<value column="DisplaySequence" original="@C@,  @P@">
			@C@, @P@
		</value>
		<value column="Name" original="Iran Islamic Republic Of">
			جمهوری اسلامی ایران
		</value>
		<value column="Description"
			original="Iran Islamic Republic Of">
			Iran Islamic Republic Of
		</value>
		<value column="RegionName" original=""></value>
	</row>
	<row id="211" trl="N">
		<value column="DisplaySequence" original="@C@,  @P@">
			@C@, @P@
		</value>
		<value column="Name" original="Iraq">عراق</value>
		<value column="Description" original="Iraq">Iraq</value>
		<value column="RegionName" original=""></value>
	</row>
	<row id="212" trl="N">
		<value column="DisplaySequence" original="@C@,  @P@">
			@C@, @P@
		</value>
		<value column="Name" original="Ireland">ایرلند</value>
		<value column="Description" original="Ireland">Ireland</value>
		<value column="RegionName" original=""></value>
	</row>
	<row id="213" trl="N">
		<value column="DisplaySequence" original="@C@,  @P@">
			@C@, @P@
		</value>
		<value column="Name" original="Israel">اسراییل</value>
		<value column="Description" original="Israel">Israel</value>
		<value column="RegionName" original=""></value>
	</row>
	<row id="214" trl="N">
		<value column="DisplaySequence" original="@C@,  @P@">
			@C@, @P@
		</value>
		<value column="Name" original="Italy">ایتالیا</value>
		<value column="Description" original="Italy">Italy</value>
		<value column="RegionName" original=""></value>
	</row>
	<row id="215" trl="N">
		<value column="DisplaySequence" original="@C@,  @P@">
			@C@, @P@
		</value>
		<value column="Name" original="Jamaica">جاماییکا</value>
		<value column="Description" original="Jamaica">Jamaica</value>
		<value column="RegionName" original=""></value>
	</row>
	<row id="216" trl="N">
		<value column="DisplaySequence" original="@C@,  @P@">
			@C@, @P@
		</value>
		<value column="Name" original="Japan">ژاپن</value>
		<value column="Description" original="Japan">Japan</value>
		<value column="RegionName" original=""></value>
	</row>
	<row id="217" trl="N">
		<value column="DisplaySequence" original="@C@,  @P@">
			@C@, @P@
		</value>
		<value column="Name" original="Jordan">جردن</value>
		<value column="Description" original="Jordan">Jordan</value>
		<value column="RegionName" original=""></value>
	</row>
	<row id="218" trl="N">
		<value column="DisplaySequence" original="@C@,  @P@">
			@C@, @P@
		</value>
		<value column="Name" original="Kazakhstan">قزاقستان</value>
		<value column="Description" original="Kazakhstan">
			Kazakhstan
		</value>
		<value column="RegionName" original=""></value>
	</row>
	<row id="219" trl="N">
		<value column="DisplaySequence" original="@C@,  @P@">
			@C@, @P@
		</value>
		<value column="Name" original="Kenya">کنیا</value>
		<value column="Description" original="Kenya">Kenya</value>
		<value column="RegionName" original=""></value>
	</row>
	<row id="220" trl="N">
		<value column="DisplaySequence" original="@C@,  @P@">
			@C@, @P@
		</value>
		<value column="Name" original="Kiribati">Kiribati</value>
		<value column="Description" original="Kiribati">Kiribati</value>
		<value column="RegionName" original=""></value>
	</row>
	<row id="221" trl="N">
		<value column="DisplaySequence" original="@C@,  @P@">
			@C@, @P@
		</value>
		<value column="Name"
			original="Korea Democratic People's Republic Of">
			جمهوری دموکرات کره
		</value>
		<value column="Description"
			original="Korea Democratic People's Republic Of">
			Korea Democratic People's Republic Of
		</value>
		<value column="RegionName" original=""></value>
	</row>
	<row id="222" trl="N">
		<value column="DisplaySequence" original="@C@,  @P@">
			@C@, @P@
		</value>
		<value column="Name" original="Korea Republic Of">
			جمهوری کره
		</value>
		<value column="Description" original="Korea Republic Of">
			Korea Republic Of
		</value>
		<value column="RegionName" original=""></value>
	</row>
	<row id="223" trl="N">
		<value column="DisplaySequence" original="@C@,  @P@">
			@C@, @P@
		</value>
		<value column="Name" original="Kuwait">کویت</value>
		<value column="Description" original="Kuwait">Kuwait</value>
		<value column="RegionName" original=""></value>
	</row>
	<row id="224" trl="N">
		<value column="DisplaySequence" original="@C@,  @P@">
			@C@, @P@
		</value>
		<value column="Name" original="Kyrgyzstan">قرقیزستان</value>
		<value column="Description" original="Kyrgyzstan">
			Kyrgyzstan
		</value>
		<value column="RegionName" original=""></value>
	</row>
	<row id="225" trl="N">
		<value column="DisplaySequence" original="@C@,  @P@">
			@C@, @P@
		</value>
		<value column="Name"
			original="Lao People's Democratic Republic">
			Lao People's Democratic Republic
		</value>
		<value column="Description"
			original="Lao People's Democratic Republic">
			Lao People's Democratic Republic
		</value>
		<value column="RegionName" original=""></value>
	</row>
	<row id="226" trl="N">
		<value column="DisplaySequence" original="@C@,  @P@">
			@C@, @P@
		</value>
		<value column="Name" original="Latvia">Latvia</value>
		<value column="Description" original="Latvia">Latvia</value>
		<value column="RegionName" original=""></value>
	</row>
	<row id="227" trl="N">
		<value column="DisplaySequence" original="@C@,  @P@">
			@C@, @P@
		</value>
		<value column="Name" original="Lebanon">لبنان</value>
		<value column="Description" original="Lebanon">Lebanon</value>
		<value column="RegionName" original=""></value>
	</row>
	<row id="228" trl="N">
		<value column="DisplaySequence" original="@C@,  @P@">
			@C@, @P@
		</value>
		<value column="Name" original="Lesotho">Lesotho</value>
		<value column="Description" original="Lesotho">Lesotho</value>
		<value column="RegionName" original=""></value>
	</row>
	<row id="229" trl="N">
		<value column="DisplaySequence" original="@C@,  @P@">
			@C@, @P@
		</value>
		<value column="Name" original="Liberia">Liberia</value>
		<value column="Description" original="Liberia">Liberia</value>
		<value column="RegionName" original=""></value>
	</row>
	<row id="230" trl="N">
		<value column="DisplaySequence" original="@C@,  @P@">
			@C@, @P@
		</value>
		<value column="Name" original="Libyan Arab Jamahiriya">
			Libyan Arab Jamahiriya
		</value>
		<value column="Description" original="Libyan Arab Jamahiriya">
			Libyan Arab Jamahiriya
		</value>
		<value column="RegionName" original=""></value>
	</row>
	<row id="231" trl="N">
		<value column="DisplaySequence" original="@C@,  @P@">
			@C@, @P@
		</value>
		<value column="Name" original="Liechtenstein">
			Liechtenstein
		</value>
		<value column="Description" original="Liechtenstein">
			Liechtenstein
		</value>
		<value column="RegionName" original=""></value>
	</row>
	<row id="232" trl="N">
		<value column="DisplaySequence" original="@C@,  @P@">
			@C@, @P@
		</value>
		<value column="Name" original="Lithuania">Lithuania</value>
		<value column="Description" original="Lithuania">
			Lithuania
		</value>
		<value column="RegionName" original=""></value>
	</row>
	<row id="233" trl="N">
		<value column="DisplaySequence" original="L-@P@ @C@">
			L-@P@ @C@
		</value>
		<value column="Name" original="Luxembourg">لوکزامبورگ</value>
		<value column="Description" original="Luxembourg">
			Luxembourg
		</value>
		<value column="RegionName" original=""></value>
	</row>
	<row id="234" trl="N">
		<value column="DisplaySequence" original="@C@,  @P@">
			@C@, @P@
		</value>
		<value column="Name" original="Macao">ماکاو</value>
		<value column="Description" original="Macao">Macao</value>
		<value column="RegionName" original=""></value>
	</row>
	<row id="235" trl="N">
		<value column="DisplaySequence" original="@C@,  @P@">
			@C@, @P@
		</value>
		<value column="Name"
			original="Macedonia Former Yugoslav Republic Of">
			Macedonia Former Yugoslav Republic Of
		</value>
		<value column="Description"
			original="Macedonia Former Yugoslav Republic Of">
			Macedonia Former Yugoslav Republic Of
		</value>
		<value column="RegionName" original=""></value>
	</row>
	<row id="236" trl="N">
		<value column="DisplaySequence" original="@C@,  @P@">
			@C@, @P@
		</value>
		<value column="Name" original="Madagascar">ماداگاسکار</value>
		<value column="Description" original="Madagascar">
			Madagascar
		</value>
		<value column="RegionName" original=""></value>
	</row>
	<row id="237" trl="N">
		<value column="DisplaySequence" original="@C@,  @P@">
			@C@, @P@
		</value>
		<value column="Name" original="Malawi">Malawi</value>
		<value column="Description" original="Malawi">Malawi</value>
		<value column="RegionName" original=""></value>
	</row>
	<row id="238" trl="N">
		<value column="DisplaySequence" original="@C@,  @P@">
			@C@, @P@
		</value>
		<value column="Name" original="Malaysia">مالزی</value>
		<value column="Description" original="Malaysia">Malaysia</value>
		<value column="RegionName" original=""></value>
	</row>
	<row id="239" trl="N">
		<value column="DisplaySequence" original="@C@,  @P@">
			@C@, @P@
		</value>
		<value column="Name" original="Maldives">مالدیو</value>
		<value column="Description" original="Maldives">Maldives</value>
		<value column="RegionName" original=""></value>
	</row>
	<row id="240" trl="N">
		<value column="DisplaySequence" original="@C@,  @P@">
			@C@, @P@
		</value>
		<value column="Name" original="Mali">مالی</value>
		<value column="Description" original="Mali">Mali</value>
		<value column="RegionName" original=""></value>
	</row>
	<row id="241" trl="N">
		<value column="DisplaySequence" original="@C@,  @P@">
			@C@, @P@
		</value>
		<value column="Name" original="Malta">Malta</value>
		<value column="Description" original="Malta">Malta</value>
		<value column="RegionName" original=""></value>
	</row>
	<row id="242" trl="N">
		<value column="DisplaySequence" original="@C@,  @P@">
			@C@, @P@
		</value>
		<value column="Name" original="Marshall Islands">
			Marshall Islands
		</value>
		<value column="Description" original="Marshall Islands">
			Marshall Islands
		</value>
		<value column="RegionName" original=""></value>
	</row>
	<row id="243" trl="N">
		<value column="DisplaySequence" original="@C@,  @P@">
			@C@, @P@
		</value>
		<value column="Name" original="Martinique">Martinique</value>
		<value column="Description" original="Martinique">
			Martinique
		</value>
		<value column="RegionName" original=""></value>
	</row>
	<row id="244" trl="N">
		<value column="DisplaySequence" original="@C@,  @P@">
			@C@, @P@
		</value>
		<value column="Name" original="Mauritania">Mauritania</value>
		<value column="Description" original="Mauritania">
			Mauritania
		</value>
		<value column="RegionName" original=""></value>
	</row>
	<row id="245" trl="N">
		<value column="DisplaySequence" original="@C@,  @P@">
			@C@, @P@
		</value>
		<value column="Name" original="Mauritius">Mauritius</value>
		<value column="Description" original="Mauritius">
			Mauritius
		</value>
		<value column="RegionName" original=""></value>
	</row>
	<row id="246" trl="N">
		<value column="DisplaySequence" original="@C@,  @P@">
			@C@, @P@
		</value>
		<value column="Name" original="Mayotte">Mayotte</value>
		<value column="Description" original="Mayotte">Mayotte</value>
		<value column="RegionName" original=""></value>
	</row>
	<row id="247" trl="N">
		<value column="DisplaySequence" original="@C@,  @P@">
			@C@, @P@
		</value>
		<value column="Name" original="Mexico">مکزیک</value>
		<value column="Description" original="Mexico">Mexico</value>
		<value column="RegionName" original=""></value>
	</row>
	<row id="248" trl="N">
		<value column="DisplaySequence" original="@C@,  @P@">
			@C@, @P@
		</value>
		<value column="Name"
			original="Micronesia Federated States Of">
			Micronesia Federated States Of
		</value>
		<value column="Description"
			original="Micronesia Federated States Of">
			Micronesia Federated States Of
		</value>
		<value column="RegionName" original=""></value>
	</row>
	<row id="249" trl="N">
		<value column="DisplaySequence" original="@C@,  @P@">
			@C@, @P@
		</value>
		<value column="Name" original="Moldova Republic Of">
			Moldova Republic Of
		</value>
		<value column="Description" original="Moldova Republic Of">
			Moldova Republic Of
		</value>
		<value column="RegionName" original=""></value>
	</row>
	<row id="250" trl="N">
		<value column="DisplaySequence" original="@C@,  @P@">
			@C@, @P@
		</value>
		<value column="Name" original="Monaco">موناکو</value>
		<value column="Description" original="Monaco">Monaco</value>
		<value column="RegionName" original=""></value>
	</row>
	<row id="251" trl="N">
		<value column="DisplaySequence" original="@C@,  @P@">
			@C@, @P@
		</value>
		<value column="Name" original="Mongolia">مونگولیا</value>
		<value column="Description" original="Mongolia">Mongolia</value>
		<value column="RegionName" original=""></value>
	</row>
	<row id="252" trl="N">
		<value column="DisplaySequence" original="@C@,  @P@">
			@C@, @P@
		</value>
		<value column="Name" original="Montserrat">Montserrat</value>
		<value column="Description" original="Montserrat">
			Montserrat
		</value>
		<value column="RegionName" original=""></value>
	</row>
	<row id="253" trl="N">
		<value column="DisplaySequence" original="@C@,  @P@">
			@C@, @P@
		</value>
		<value column="Name" original="Morocco">مراکش</value>
		<value column="Description" original="Morocco">Morocco</value>
		<value column="RegionName" original=""></value>
	</row>
	<row id="254" trl="N">
		<value column="DisplaySequence" original="@C@,  @P@">
			@C@, @P@
		</value>
		<value column="Name" original="Mozambique">موزامبیک</value>
		<value column="Description" original="Mozambique">
			Mozambique
		</value>
		<value column="RegionName" original=""></value>
	</row>
	<row id="255" trl="N">
		<value column="DisplaySequence" original="@C@,  @P@">
			@C@, @P@
		</value>
		<value column="Name" original="Myanmar">Myanmar</value>
		<value column="Description" original="Myanmar">Myanmar</value>
		<value column="RegionName" original=""></value>
	</row>
	<row id="256" trl="N">
		<value column="DisplaySequence" original="@C@,  @P@">
			@C@, @P@
		</value>
		<value column="Name" original="Namibia">Namibia</value>
		<value column="Description" original="Namibia">Namibia</value>
		<value column="RegionName" original=""></value>
	</row>
	<row id="257" trl="N">
		<value column="DisplaySequence" original="@C@,  @P@">
			@C@, @P@
		</value>
		<value column="Name" original="Nauru">Nauru</value>
		<value column="Description" original="Nauru">Nauru</value>
		<value column="RegionName" original=""></value>
	</row>
	<row id="258" trl="N">
		<value column="DisplaySequence" original="@C@,  @P@">
			@C@, @P@
		</value>
		<value column="Name" original="Nepal">نپال</value>
		<value column="Description" original="Nepal">Nepal</value>
		<value column="RegionName" original=""></value>
	</row>
	<row id="260" trl="N">
		<value column="DisplaySequence" original="@C@,  @P@">
			@C@, @P@
		</value>
		<value column="Name" original="Netherlands Antilles">
			Netherlands Antilles
		</value>
		<value column="Description" original="Netherlands Antilles">
			Netherlands Antilles
		</value>
		<value column="RegionName" original=""></value>
	</row>
	<row id="261" trl="N">
		<value column="DisplaySequence" original="@C@,  @P@">
			@C@, @P@
		</value>
		<value column="Name" original="New Caledonia">
			New Caledonia
		</value>
		<value column="Description" original="New Caledonia">
			New Caledonia
		</value>
		<value column="RegionName" original=""></value>
	</row>
	<row id="262" trl="N">
		<value column="DisplaySequence" original="@C@,  @P@">
			@C@, @P@
		</value>
		<value column="Name" original="New Zealand">نیوزلند</value>
		<value column="Description" original="New Zealand">
			New Zealand
		</value>
		<value column="RegionName" original=""></value>
	</row>
	<row id="263" trl="N">
		<value column="DisplaySequence" original="@C@,  @P@">
			@C@, @P@
		</value>
		<value column="Name" original="Nicaragua">Nicaragua</value>
		<value column="Description" original="Nicaragua">
			Nicaragua
		</value>
		<value column="RegionName" original=""></value>
	</row>
	<row id="264" trl="N">
		<value column="DisplaySequence" original="@C@,  @P@">
			@C@, @P@
		</value>
		<value column="Name" original="Niger">Niger</value>
		<value column="Description" original="Niger">Niger</value>
		<value column="RegionName" original=""></value>
	</row>
	<row id="265" trl="N">
		<value column="DisplaySequence" original="@C@,  @P@">
			@C@, @P@
		</value>
		<value column="Name" original="Nigeria">نیجریه</value>
		<value column="Description" original="Nigeria">Nigeria</value>
		<value column="RegionName" original=""></value>
	</row>
	<row id="266" trl="N">
		<value column="DisplaySequence" original="@C@,  @P@">
			@C@, @P@
		</value>
		<value column="Name" original="Niue">Niue</value>
		<value column="Description" original="Niue">Niue</value>
		<value column="RegionName" original=""></value>
	</row>
	<row id="267" trl="N">
		<value column="DisplaySequence" original="@C@,  @P@">
			@C@, @P@
		</value>
		<value column="Name" original="Norfolk Island">
			Norfolk Island
		</value>
		<value column="Description" original="Norfolk Island">
			Norfolk Island
		</value>
		<value column="RegionName" original=""></value>
	</row>
	<row id="268" trl="N">
		<value column="DisplaySequence" original="@C@,  @P@">
			@C@, @P@
		</value>
		<value column="Name" original="Northern Mariana Islands">
			Northern Mariana Islands
		</value>
		<value column="Description"
			original="Northern Mariana Islands">
			Northern Mariana Islands
		</value>
		<value column="RegionName" original=""></value>
	</row>
	<row id="269" trl="N">
		<value column="DisplaySequence" original="@C@,  @P@">
			@C@, @P@
		</value>
		<value column="Name" original="Norway">نروژ</value>
		<value column="Description" original="Norway">Norway</value>
		<value column="RegionName" original=""></value>
	</row>
	<row id="270" trl="N">
		<value column="DisplaySequence" original="@C@,  @P@">
			@C@, @P@
		</value>
		<value column="Name" original="Oman">عمان</value>
		<value column="Description" original="Oman">Oman</value>
		<value column="RegionName" original=""></value>
	</row>
	<row id="271" trl="N">
		<value column="DisplaySequence" original="@C@,  @P@">
			@C@, @P@
		</value>
		<value column="Name" original="Pakistan">پاکستان</value>
		<value column="Description" original="Pakistan">Pakistan</value>
		<value column="RegionName" original=""></value>
	</row>
	<row id="272" trl="N">
		<value column="DisplaySequence" original="@C@,  @P@">
			@C@, @P@
		</value>
		<value column="Name" original="Palau">Palau</value>
		<value column="Description" original="Palau">Palau</value>
		<value column="RegionName" original=""></value>
	</row>
	<row id="273" trl="N">
		<value column="DisplaySequence" original="@C@,  @P@">
			@C@, @P@
		</value>
		<value column="Name"
			original="Palestinian Territory Occupied">
			Palestinian Territory Occupied
		</value>
		<value column="Description"
			original="Palestinian Territory Occupied">
			Palestinian Territory Occupied
		</value>
		<value column="RegionName" original=""></value>
	</row>
	<row id="274" trl="N">
		<value column="DisplaySequence" original="@C@,  @P@">
			@C@, @P@
		</value>
		<value column="Name" original="Panama">پاناما</value>
		<value column="Description" original="Panama">Panama</value>
		<value column="RegionName" original=""></value>
	</row>
	<row id="275" trl="N">
		<value column="DisplaySequence" original="@C@,  @P@">
			@C@, @P@
		</value>
		<value column="Name" original="Papua New Guinea">
			Papua New Guinea
		</value>
		<value column="Description" original="Papua New Guinea">
			Papua New Guinea
		</value>
		<value column="RegionName" original=""></value>
	</row>
	<row id="276" trl="N">
		<value column="DisplaySequence" original="@C@,  @P@">
			@C@, @P@
		</value>
		<value column="Name" original="Paraguay">پاراگوئه</value>
		<value column="Description" original="Paraguay">Paraguay</value>
		<value column="RegionName" original=""></value>
	</row>
	<row id="277" trl="N">
		<value column="DisplaySequence" original="@C@,  @P@">
			@C@, @P@
		</value>
		<value column="Name" original="Peru">پرو</value>
		<value column="Description" original="Peru">Peru</value>
		<value column="RegionName" original=""></value>
	</row>
	<row id="278" trl="N">
		<value column="DisplaySequence" original="@C@,  @P@">
			@C@, @P@
		</value>
		<value column="Name" original="Philippines">فیلیپین</value>
		<value column="Description" original="Philippines">
			Philippines
		</value>
		<value column="RegionName" original=""></value>
	</row>
	<row id="279" trl="N">
		<value column="DisplaySequence" original="@C@,  @P@">
			@C@, @P@
		</value>
		<value column="Name" original="Pitcairn">Pitcairn</value>
		<value column="Description" original="Pitcairn">Pitcairn</value>
		<value column="RegionName" original=""></value>
	</row>
	<row id="280" trl="N">
		<value column="DisplaySequence" original="@C@,  @P@">
			@C@, @P@
		</value>
		<value column="Name" original="Poland">لهستان</value>
		<value column="Description" original="Poland">Poland</value>
		<value column="RegionName" original=""></value>
	</row>
	<row id="281" trl="N">
		<value column="DisplaySequence" original="@C@,  @P@">
			@C@, @P@
		</value>
		<value column="Name" original="Portugal">پرتغال</value>
		<value column="Description" original="Portugal">Portugal</value>
		<value column="RegionName" original=""></value>
	</row>
	<row id="282" trl="N">
		<value column="DisplaySequence" original="@C@,  @P@">
			@C@, @P@
		</value>
		<value column="Name" original="Puerto Rico">Puerto Rico</value>
		<value column="Description" original="Puerto Rico">
			Puerto Rico
		</value>
		<value column="RegionName" original=""></value>
	</row>
	<row id="283" trl="N">
		<value column="DisplaySequence" original="@C@,  @P@">
			@C@, @P@
		</value>
		<value column="Name" original="Qatar">قطر</value>
		<value column="Description" original="Qatar">Qatar</value>
		<value column="RegionName" original=""></value>
	</row>
	<row id="284" trl="N">
		<value column="DisplaySequence" original="@C@,  @P@">
			@C@, @P@
		</value>
		<value column="Name" original="Reunion">Reunion</value>
		<value column="Description" original="Reunion">Reunion</value>
		<value column="RegionName" original=""></value>
	</row>
	<row id="285" trl="N">
		<value column="DisplaySequence" original="@C@,  @P@">
			@C@, @P@
		</value>
		<value column="Name" original="Romania">رومانی</value>
		<value column="Description" original="Romania">Romania</value>
		<value column="RegionName" original=""></value>
	</row>
	<row id="286" trl="N">
		<value column="DisplaySequence" original="@C@,  @P@">
			@C@, @P@
		</value>
		<value column="Name" original="Russian Federation">
			Russian Federation
		</value>
		<value column="Description" original="Russian Federation">
			Russian Federation
		</value>
		<value column="RegionName" original=""></value>
	</row>
	<row id="287" trl="N">
		<value column="DisplaySequence" original="@C@,  @P@">
			@C@, @P@
		</value>
		<value column="Name" original="Rwanda">Rwanda</value>
		<value column="Description" original="Rwanda">Rwanda</value>
		<value column="RegionName" original=""></value>
	</row>
	<row id="288" trl="N">
		<value column="DisplaySequence" original="@C@,  @P@">
			@C@, @P@
		</value>
		<value column="Name" original="Saint Helena">
			Saint Helena
		</value>
		<value column="Description" original="Saint Helena">
			Saint Helena
		</value>
		<value column="RegionName" original=""></value>
	</row>
	<row id="289" trl="N">
		<value column="DisplaySequence" original="@C@,  @P@">
			@C@, @P@
		</value>
		<value column="Name" original="Saint Kitts And Nevis">
			Saint Kitts And Nevis
		</value>
		<value column="Description" original="Saint Kitts And Nevis">
			Saint Kitts And Nevis
		</value>
		<value column="RegionName" original=""></value>
	</row>
	<row id="290" trl="N">
		<value column="DisplaySequence" original="@C@,  @P@">
			@C@, @P@
		</value>
		<value column="Name" original="Saint Lucia">Saint Lucia</value>
		<value column="Description" original="Saint Lucia">
			Saint Lucia
		</value>
		<value column="RegionName" original=""></value>
	</row>
	<row id="291" trl="N">
		<value column="DisplaySequence" original="@C@,  @P@">
			@C@, @P@
		</value>
		<value column="Name" original="Saint Pierre And Miquelon">
			Saint Pierre And Miquelon
		</value>
		<value column="Description"
			original="Saint Pierre And Miquelon">
			Saint Pierre And Miquelon
		</value>
		<value column="RegionName" original=""></value>
	</row>
	<row id="292" trl="N">
		<value column="DisplaySequence" original="@C@,  @P@">
			@C@, @P@
		</value>
		<value column="Name"
			original="Saint Vincent And The Grenadines">
			Saint Vincent And The Grenadines
		</value>
		<value column="Description"
			original="Saint Vincent And The Grenadines">
			Saint Vincent And The Grenadines
		</value>
		<value column="RegionName" original=""></value>
	</row>
	<row id="293" trl="N">
		<value column="DisplaySequence" original="@C@,  @P@">
			@C@, @P@
		</value>
		<value column="Name" original="Samoa">ساموآ</value>
		<value column="Description" original="Samoa">Samoa</value>
		<value column="RegionName" original=""></value>
	</row>
	<row id="294" trl="N">
		<value column="DisplaySequence" original="@C@,  @P@">
			@C@, @P@
		</value>
		<value column="Name" original="San Marino">San Marino</value>
		<value column="Description" original="San Marino">
			San Marino
		</value>
		<value column="RegionName" original=""></value>
	</row>
	<row id="295" trl="N">
		<value column="DisplaySequence" original="@C@,  @P@">
			@C@, @P@
		</value>
		<value column="Name" original="Sao Tome And Principe">
			Sao Tome And Principe
		</value>
		<value column="Description" original="Sao Tome And Principe">
			Sao Tome And Principe
		</value>
		<value column="RegionName" original=""></value>
	</row>
	<row id="296" trl="N">
		<value column="DisplaySequence" original="@C@,  @P@">
			@C@, @P@
		</value>
		<value column="Name" original="Saudi Arabia">
			عربستان صعودی
		</value>
		<value column="Description" original="Saudi Arabia">
			Saudi Arabia
		</value>
		<value column="RegionName" original=""></value>
	</row>
	<row id="297" trl="N">
		<value column="DisplaySequence" original="@C@,  @P@">
			@C@, @P@
		</value>
		<value column="Name" original="Senegal">سنگال</value>
		<value column="Description" original="Senegal">Senegal</value>
		<value column="RegionName" original=""></value>
	</row>
	<row id="298" trl="N">
		<value column="DisplaySequence" original="@C@,  @P@">
			@C@, @P@
		</value>
		<value column="Name" original="Seychelles">Seychelles</value>
		<value column="Description" original="Seychelles">
			Seychelles
		</value>
		<value column="RegionName" original=""></value>
	</row>
	<row id="299" trl="N">
		<value column="DisplaySequence" original="@C@,  @P@">
			@C@, @P@
		</value>
		<value column="Name" original="Sierra Leone">
			Sierra Leone
		</value>
		<value column="Description" original="Sierra Leone">
			Sierra Leone
		</value>
		<value column="RegionName" original=""></value>
	</row>
	<row id="300" trl="N">
		<value column="DisplaySequence" original="@C@,  @P@">
			@C@, @P@
		</value>
		<value column="Name" original="Singapore">سنگاپور</value>
		<value column="Description" original="Singapore">
			Singapore
		</value>
		<value column="RegionName" original=""></value>
	</row>
	<row id="301" trl="N">
		<value column="DisplaySequence" original="@C@,  @P@">
			@C@, @P@
		</value>
		<value column="Name" original="Slovakia">اسلوونی</value>
		<value column="Description" original="Slovakia">Slovakia</value>
		<value column="RegionName" original=""></value>
	</row>
	<row id="302" trl="N">
		<value column="DisplaySequence" original="@C@,  @P@">
			@C@, @P@
		</value>
		<value column="Name" original="Slovenia">Slovenia</value>
		<value column="Description" original="Slovenia">Slovenia</value>
		<value column="RegionName" original=""></value>
	</row>
	<row id="303" trl="N">
		<value column="DisplaySequence" original="@C@,  @P@">
			@C@, @P@
		</value>
		<value column="Name" original="Solomon Islands">
			Solomon Islands
		</value>
		<value column="Description" original="Solomon Islands">
			Solomon Islands
		</value>
		<value column="RegionName" original=""></value>
	</row>
	<row id="304" trl="N">
		<value column="DisplaySequence" original="@C@,  @P@">
			@C@, @P@
		</value>
		<value column="Name" original="Somalia">سومالی</value>
		<value column="Description" original="Somalia">Somalia</value>
		<value column="RegionName" original=""></value>
	</row>
	<row id="305" trl="N">
		<value column="DisplaySequence" original="@C@,  @P@">
			@C@, @P@
		</value>
		<value column="Name" original="South Africa">
			آفریقای جنوبی
		</value>
		<value column="Description" original="South Africa">
			South Africa
		</value>
		<value column="RegionName" original=""></value>
	</row>
	<row id="306" trl="N">
		<value column="DisplaySequence" original="@C@,  @P@">
			@C@, @P@
		</value>
		<value column="Name"
			original="South Georgia And The South Sandwich Islands">
			South Georgia And The South Sandwich Islands
		</value>
		<value column="Description"
			original="South Georgia And The South Sandwich Islands">
			South Georgia And The South Sandwich Islands
		</value>
		<value column="RegionName" original=""></value>
	</row>
	<row id="308" trl="N">
		<value column="DisplaySequence" original="@C@,  @P@">
			@C@, @P@
		</value>
		<value column="Name" original="Sri Lanka">سری لانکا</value>
		<value column="Description" original="Sri Lanka">
			Sri Lanka
		</value>
		<value column="RegionName" original=""></value>
	</row>
	<row id="309" trl="N">
		<value column="DisplaySequence" original="@C@,  @P@">
			@C@, @P@
		</value>
		<value column="Name" original="Sudan">سودان</value>
		<value column="Description" original="Sudan">Sudan</value>
		<value column="RegionName" original=""></value>
	</row>
	<row id="310" trl="N">
		<value column="DisplaySequence" original="@C@,  @P@">
			@C@, @P@
		</value>
		<value column="Name" original="Suriname">Suriname</value>
		<value column="Description" original="Suriname">Suriname</value>
		<value column="RegionName" original=""></value>
	</row>
	<row id="311" trl="N">
		<value column="DisplaySequence" original="@C@,  @P@">
			@C@, @P@
		</value>
		<value column="Name" original="Svalbard And Jan Mayen">
			Svalbard And Jan Mayen
		</value>
		<value column="Description" original="Svalbard And Jan Mayen">
			Svalbard And Jan Mayen
		</value>
		<value column="RegionName" original=""></value>
	</row>
	<row id="312" trl="N">
		<value column="DisplaySequence" original="@C@,  @P@">
			@C@, @P@
		</value>
		<value column="Name" original="Swaziland">Swaziland</value>
		<value column="Description" original="Swaziland">
			Swaziland
		</value>
		<value column="RegionName" original=""></value>
	</row>
	<row id="313" trl="N">
		<value column="DisplaySequence" original="@C@,  @P@">
			@C@, @P@
		</value>
		<value column="Name" original="Sweden">سوئد</value>
		<value column="Description" original="Sweden">Sweden</value>
		<value column="RegionName" original=""></value>
	</row>
	<row id="315" trl="N">
		<value column="DisplaySequence" original="@C@,  @P@">
			@C@, @P@
		</value>
		<value column="Name" original="Syrian Arab Republic">
			Syrian Arab Republic
		</value>
		<value column="Description" original="Syrian Arab Republic">
			Syrian Arab Republic
		</value>
		<value column="RegionName" original=""></value>
	</row>
	<row id="316" trl="N">
		<value column="DisplaySequence" original="@C@,  @P@">
			@C@, @P@
		</value>
		<value column="Name" original="Taiwan">تایوان</value>
		<value column="Description" original="Taiwan">Taiwan</value>
		<value column="RegionName" original=""></value>
	</row>
	<row id="317" trl="N">
		<value column="DisplaySequence" original="@C@,  @P@">
			@C@, @P@
		</value>
		<value column="Name" original="Tajikistan">تاجیکستان</value>
		<value column="Description" original="Tajikistan">
			Tajikistan
		</value>
		<value column="RegionName" original=""></value>
	</row>
	<row id="318" trl="N">
		<value column="DisplaySequence" original="@C@,  @P@">
			@C@, @P@
		</value>
		<value column="Name" original="Tanzania United Republic Of">
			Tanzania United Republic Of
		</value>
		<value column="Description"
			original="Tanzania United Republic Of">
			Tanzania United Republic Of
		</value>
		<value column="RegionName" original=""></value>
	</row>
	<row id="319" trl="N">
		<value column="DisplaySequence" original="@C@,  @P@">
			@C@, @P@
		</value>
		<value column="Name" original="Thailand">تایلند</value>
		<value column="Description" original="Thailand">Thailand</value>
		<value column="RegionName" original=""></value>
	</row>
	<row id="320" trl="N">
		<value column="DisplaySequence" original="@C@,  @P@">
			@C@, @P@
		</value>
		<value column="Name" original="Timor-leste">Timor-leste</value>
		<value column="Description" original="Timor-leste">
			Timor-leste
		</value>
		<value column="RegionName" original=""></value>
	</row>
	<row id="321" trl="N">
		<value column="DisplaySequence" original="@C@,  @P@">
			@C@, @P@
		</value>
		<value column="Name" original="Togo">توگو</value>
		<value column="Description" original="Togo">Togo</value>
		<value column="RegionName" original=""></value>
	</row>
	<row id="322" trl="N">
		<value column="DisplaySequence" original="@C@,  @P@">
			@C@, @P@
		</value>
		<value column="Name" original="Tokelau">Tokelau</value>
		<value column="Description" original="Tokelau">Tokelau</value>
		<value column="RegionName" original=""></value>
	</row>
	<row id="323" trl="N">
		<value column="DisplaySequence" original="@C@,  @P@">
			@C@, @P@
		</value>
		<value column="Name" original="Tonga">Tonga</value>
		<value column="Description" original="Tonga">Tonga</value>
		<value column="RegionName" original=""></value>
	</row>
	<row id="324" trl="N">
		<value column="DisplaySequence" original="@C@,  @P@">
			@C@, @P@
		</value>
		<value column="Name" original="Trinidad And Tobago">
			ترینیداد و توباگو
		</value>
		<value column="Description" original="Trinidad And Tobago">
			Trinidad And Tobago
		</value>
		<value column="RegionName" original=""></value>
	</row>
	<row id="325" trl="N">
		<value column="DisplaySequence" original="@C@,  @P@">
			@C@, @P@
		</value>
		<value column="Name" original="Tunisia">تونس</value>
		<value column="Description" original="Tunisia">Tunisia</value>
		<value column="RegionName" original=""></value>
	</row>
	<row id="326" trl="N">
		<value column="DisplaySequence" original="@C@,  @P@">
			@C@, @P@
		</value>
		<value column="Name" original="Turkey">ترکیه</value>
		<value column="Description" original="Turkey">Turkey</value>
		<value column="RegionName" original=""></value>
	</row>
	<row id="327" trl="N">
		<value column="DisplaySequence" original="@C@,  @P@">
			@C@, @P@
		</value>
		<value column="Name" original="Turkmenistan">
			ترکمنستان
		</value>
		<value column="Description" original="Turkmenistan">
			Turkmenistan
		</value>
		<value column="RegionName" original=""></value>
	</row>
	<row id="328" trl="N">
		<value column="DisplaySequence" original="@C@,  @P@">
			@C@, @P@
		</value>
		<value column="Name" original="Turks And Caicos Islands">
			Turks And Caicos Islands
		</value>
		<value column="Description"
			original="Turks And Caicos Islands">
			Turks And Caicos Islands
		</value>
		<value column="RegionName" original=""></value>
	</row>
	<row id="329" trl="N">
		<value column="DisplaySequence" original="@C@,  @P@">
			@C@, @P@
		</value>
		<value column="Name" original="Tuvalu">Tuvalu</value>
		<value column="Description" original="Tuvalu">Tuvalu</value>
		<value column="RegionName" original=""></value>
	</row>
	<row id="330" trl="N">
		<value column="DisplaySequence" original="@C@,  @P@">
			@C@, @P@
		</value>
		<value column="Name" original="Uganda">اوگاندا</value>
		<value column="Description" original="Uganda">Uganda</value>
		<value column="RegionName" original=""></value>
	</row>
	<row id="331" trl="N">
		<value column="DisplaySequence" original="@C@,  @P@">
			@C@, @P@
		</value>
		<value column="Name" original="Ukraine">اکراین</value>
		<value column="Description" original="Ukraine">Ukraine</value>
		<value column="RegionName" original=""></value>
	</row>
	<row id="332" trl="N">
		<value column="DisplaySequence" original="@C@,  @P@">
			@C@, @P@
		</value>
		<value column="Name" original="United Arab Emirates">
			امارات
		</value>
		<value column="Description" original="United Arab Emirates">
			United Arab Emirates
		</value>
		<value column="RegionName" original=""></value>
	</row>
	<row id="333" trl="N">
		<value column="DisplaySequence" original="@C@,  @P@">
			@C@, @P@
		</value>
		<value column="Name" original="United Kingdom">
			انگلستان
		</value>
		<value column="Description" original="United Kingdom">
			United Kingdom
		</value>
		<value column="RegionName" original=""></value>
	</row>
	<row id="335" trl="N">
		<value column="DisplaySequence" original="@C@,  @P@">
			@C@, @P@
		</value>
		<value column="Name"
			original="United States Minor Outlying Islands">
			United States Minor Outlying Islands
		</value>
		<value column="Description"
			original="United States Minor Outlying Islands">
			United States Minor Outlying Islands
		</value>
		<value column="RegionName" original=""></value>
	</row>
	<row id="336" trl="N">
		<value column="DisplaySequence" original="@C@,  @P@">
			@C@, @P@
		</value>
		<value column="Name" original="Uruguay">اروگوئه</value>
		<value column="Description" original="Uruguay">Uruguay</value>
		<value column="RegionName" original=""></value>
	</row>
	<row id="337" trl="N">
		<value column="DisplaySequence" original="@C@,  @P@">
			@C@, @P@
		</value>
		<value column="Name" original="Uzbekistan">ازبکستان</value>
		<value column="Description" original="Uzbekistan">
			Uzbekistan
		</value>
		<value column="RegionName" original=""></value>
	</row>
	<row id="338" trl="N">
		<value column="DisplaySequence" original="@C@,  @P@">
			@C@, @P@
		</value>
		<value column="Name" original="Vanuatu">Vanuatu</value>
		<value column="Description" original="Vanuatu">Vanuatu</value>
		<value column="RegionName" original=""></value>
	</row>
	<row id="339" trl="N">
		<value column="DisplaySequence" original="@C@,  @P@">
			@C@, @P@
		</value>
		<value column="Name" original="Venezuela">ونزوئلا</value>
		<value column="Description" original="Venezuela">
			Venezuela
		</value>
		<value column="RegionName" original=""></value>
	</row>
	<row id="340" trl="N">
		<value column="DisplaySequence" original="@C@,  @P@">
			@C@, @P@
		</value>
		<value column="Name" original="Viet Nam">ویتنام</value>
		<value column="Description" original="Viet Nam">Viet Nam</value>
		<value column="RegionName" original=""></value>
	</row>
	<row id="341" trl="N">
		<value column="DisplaySequence" original="@C@,  @P@">
			@C@, @P@
		</value>
		<value column="Name" original="Virgin Islands British">
			Virgin Islands British
		</value>
		<value column="Description" original="Virgin Islands British">
			Virgin Islands British
		</value>
		<value column="RegionName" original=""></value>
	</row>
	<row id="342" trl="N">
		<value column="DisplaySequence" original="@C@,  @P@">
			@C@, @P@
		</value>
		<value column="Name" original="Virgin Islands U.s.">
			Virgin Islands U.s.
		</value>
		<value column="Description" original="Virgin Islands U.s.">
			Virgin Islands U.s.
		</value>
		<value column="RegionName" original=""></value>
	</row>
	<row id="343" trl="N">
		<value column="DisplaySequence" original="@C@,  @P@">
			@C@, @P@
		</value>
		<value column="Name" original="Wallis And Futuna">
			Wallis And Futuna
		</value>
		<value column="Description" original="Wallis And Futuna">
			Wallis And Futuna
		</value>
		<value column="RegionName" original=""></value>
	</row>
	<row id="344" trl="N">
		<value column="DisplaySequence" original="@C@,  @P@">
			@C@, @P@
		</value>
		<value column="Name" original="Western Sahara">
			Western Sahara
		</value>
		<value column="Description" original="Western Sahara">
			Western Sahara
		</value>
		<value column="RegionName" original=""></value>
	</row>
	<row id="345" trl="N">
		<value column="DisplaySequence" original="@C@,  @P@">
			@C@, @P@
		</value>
		<value column="Name" original="Yemen">یمن</value>
		<value column="Description" original="Yemen">Yemen</value>
		<value column="RegionName" original=""></value>
	</row>
	<row id="346" trl="N">
		<value column="DisplaySequence" original="@C@,  @P@">
			@C@, @P@
		</value>
		<value column="Name" original="Yugoslavia">یوگوسلاوی</value>
		<value column="Description" original="Yugoslavia">
			Yugoslavia
		</value>
		<value column="RegionName" original=""></value>
	</row>
	<row id="347" trl="N">
		<value column="DisplaySequence" original="@C@,  @P@">
			@C@, @P@
		</value>
		<value column="Name" original="Zambia">زامبیا</value>
		<value column="Description" original="Zambia">Zambia</value>
		<value column="RegionName" original=""></value>
	</row>
	<row id="348" trl="N">
		<value column="DisplaySequence" original="@C@,  @P@">
			@C@, @P@
		</value>
		<value column="Name" original="Zimbabwe">زیمباوه</value>
		<value column="Description" original="Zimbabwe">Zimbabwe</value>
		<value column="RegionName" original=""></value>
	</row>
</compiereTrl>