<?xml version="1.0" encoding="UTF-8"?>
<compiereTrl language="fa_IR" table="C_GREETING">
	<row id="1000001" trl="N">
		<value column="Name" original="Sr">قربان</value>
		<value column="Greeting" original="Sr">قربان</value>
	</row>
	<row id="1000002" trl="N">
		<value column="Name" original="Mr">آقا</value>
		<value column="Greeting" original="Mr">آقا</value>
	</row>
	<row id="1000003" trl="N">
		<value column="Name" original="Mrs">خانم</value>
		<value column="Greeting" original="Mrs">خانم</value>
	</row>
	<row id="1000004" trl="N">
		<value column="Name" original="Miss">خانم</value>
		<value column="Greeting" original="Miss">خانم</value>
	</row>
	<row id="1000005" trl="N">
		<value column="Name" original="Monsieur">رییس</value>
		<value column="Greeting" original="Monsieur">رییس</value>
	</row>
	<row id="1000006" trl="N">
		<value column="Name" original="Herr">آقا</value>
		<value column="Greeting" original="Herr">آقا</value>
	</row>
</compiereTrl>